symbol,name,name_vn,exchange,sector,industry,market_cap_class,market_cap_vnd,market_cap_usd,listing_date,outstanding_shares,free_float,is_vn30,is_vn100,is_dividend_stock,avg_volume_3m,beta,pe_ratio,pb_ratio,roe,revenue_usd_mil,employees,headquarters,website,established_year,isin,tags
VCB,Vietcombank,Ngân hàng TMCP Ngoại thương Việt Nam,HOSE,Banking,Commercial Banking,LARGE,509720000000000,20388,2009-07-20,3459182969,85.2,TRUE,TRUE,TRUE,2500000,0.85,9.2,1.8,19.5,4820,23500,Ho Chi Minh City,www.vietcombank.com.vn,1963,VN000000VCB8,"State-owned,Largest Bank,Blue-chip"
AAV,AAV Joint Stock Company,Công ty Cổ phần AAV,HNX,Manufacturing,Manufacturing Business,MID,10759349389334,271,2020-08-23,188289158,28.9,FALSE,TRUE,FALSE,236987,1.49,9.7,2.6,15.6,170,584,Hanoi,www.aav.com.vn,1991,VN0000AAV,"HNX listed,manufacturing,Northern Vietnam"
ADC,ADC Joint Stock Company,Công ty Cổ phần ADC,HNX,Construction,Construction Business,MID,18197041718607,177,2017-07-13,10381609,30.6,FALSE,TRUE,FALSE,232463,1.48,22.5,2.6,9.6,425,4459,Hai Phong,www.adc.com.vn,2021,VN0000ADC,"HNX listed,construction,Northern Vietnam"
ALT,ALT Joint Stock Company,Công ty Cổ phần ALT,HNX,Agriculture,Agriculture Business,MID,9405957637729,627,2018-01-21,299556432,37.4,FALSE,TRUE,FALSE,133815,1.31,10.4,1.9,19.3,450,6586,Thai Nguyen,www.alt.com.vn,2005,VN0000ALT,"HNX listed,agriculture,Northern Vietnam"
AMC,AMC Joint Stock Company,Công ty Cổ phần AMC,HNX,Food Processing,Food Processing Business,MID,3583319036906,424,2017-12-05,115205947,80.8,FALSE,TRUE,FALSE,203426,0.79,23.7,2.3,21.4,795,5173,Bac Ninh,www.amc.com.vn,2000,VN0000AMC,"HNX listed,food processing,Northern Vietnam"
AME,AME Joint Stock Company,Công ty Cổ phần AME,HNX,Textiles,Textiles Business,MID,7696486745677,636,2021-05-16,240467114,55.9,FALSE,TRUE,FALSE,273847,1.17,22.8,1.6,12.0,300,4336,Vinh Phuc,www.ame.com.vn,2014,VN0000AME,"HNX listed,textiles,Northern Vietnam"
AMV,AMV Joint Stock Company,Công ty Cổ phần AMV,HNX,Materials,Materials Business,MID,12040426330454,629,2023-04-07,99284079,71.5,FALSE,TRUE,TRUE,143907,1.48,12.6,2.1,10.6,170,7505,Hai Duong,www.amv.com.vn,2016,VN0000AMV,"HNX listed,materials,Northern Vietnam"
API,API Joint Stock Company,Công ty Cổ phần API,HNX,Trading,Trading Business,MID,12480675665691,748,2018-04-27,189685024,58.8,FALSE,TRUE,FALSE,26642,0.95,14.7,3.1,12.2,21,6203,Quang Ninh,www.api.com.vn,2022,VN0000API,"HNX listed,trading,Northern Vietnam"
APS,APS Joint Stock Company,Công ty Cổ phần APS,HNX,Services,Services Business,MID,7712600576901,749,2016-10-12,98913304,71.5,FALSE,TRUE,FALSE,41529,0.62,9.8,3.1,21.0,425,5322,Nam Dinh,www.aps.com.vn,1991,VN0000APS,"HNX listed,services,Northern Vietnam"
ARM,ARM Joint Stock Company,Công ty Cổ phần ARM,HNX,Technology,Technology Business,MID,19624805727513,641,2020-02-18,251849833,35.4,FALSE,TRUE,FALSE,247048,1.21,24.6,1.3,17.4,663,1118,Thanh Hoa,www.arm.com.vn,2011,VN0000ARM,"HNX listed,technology,Northern Vietnam"
ATS,ATS Joint Stock Company,Công ty Cổ phần ATS,HNX,Healthcare,Healthcare Business,MID,6356305744472,785,2010-10-21,221056527,65.5,FALSE,TRUE,FALSE,329516,0.76,12.4,1.7,11.9,28,4447,Nghe An,www.ats.com.vn,2004,VN0000ATS,"HNX listed,healthcare,Northern Vietnam"
BBS,BBS Joint Stock Company,Công ty Cổ phần BBS,HNX,Energy,Energy Business,MID,3650419498206,416,2011-06-12,87336573,71.6,FALSE,TRUE,FALSE,13800,0.61,11.8,2.5,12.9,789,7015,Ha Nam,www.bbs.com.vn,2011,VN0000BBS,"HNX listed,energy,Northern Vietnam"
BCC,BCC Joint Stock Company,Công ty Cổ phần BCC,HNX,Mining,Mining Business,MID,17000231426976,779,2014-08-01,41846214,43.1,FALSE,TRUE,FALSE,109184,1.43,15.2,2.8,11.0,35,460,Hung Yen,www.bcc.com.vn,1996,VN0000BCC,"HNX listed,mining,Northern Vietnam"
BCI,BCI Joint Stock Company,Công ty Cổ phần BCI,HNX,Manufacturing,Manufacturing Business,MID,14812803739167,182,2023-01-08,111338067,57.0,FALSE,TRUE,FALSE,17282,0.99,16.8,1.0,10.7,59,2651,Hanoi,www.bci.com.vn,1999,VN0000BCI,"HNX listed,manufacturing,Northern Vietnam"
BFC,BFC Joint Stock Company,Công ty Cổ phần BFC,HNX,Construction,Construction Business,MID,12501614704788,737,2008-07-10,58919488,37.8,FALSE,TRUE,TRUE,152812,1.55,12.5,3.2,9.0,688,6112,Hai Phong,www.bfc.com.vn,2005,VN0000BFC,"HNX listed,construction,Northern Vietnam"
BGM,BGM Joint Stock Company,Công ty Cổ phần BGM,HNX,Agriculture,Agriculture Business,MID,4219388761760,553,2012-11-11,199919336,34.4,FALSE,TRUE,FALSE,220973,1.60,14.8,2.8,15.1,432,7020,Thai Nguyen,www.bgm.com.vn,2017,VN0000BGM,"HNX listed,agriculture,Northern Vietnam"
BHS,BHS Joint Stock Company,Công ty Cổ phần BHS,HNX,Food Processing,Food Processing Business,MID,11338734197420,436,2010-08-24,213952755,56.5,FALSE,TRUE,FALSE,232449,1.14,15.0,1.4,16.6,612,7058,Bac Ninh,www.bhs.com.vn,2020,VN0000BHS,"HNX listed,food processing,Northern Vietnam"
BIC,BIC Joint Stock Company,Công ty Cổ phần BIC,HNX,Textiles,Textiles Business,MID,6337560458312,632,2024-12-17,139282739,34.3,FALSE,TRUE,FALSE,352247,1.09,21.9,2.9,16.1,438,1216,Vinh Phuc,www.bic.com.vn,2013,VN0000BIC,"HNX listed,textiles,Northern Vietnam"
BII,BII Joint Stock Company,Công ty Cổ phần BII,HNX,Materials,Materials Business,MID,12285939493904,529,2021-04-28,54303265,76.4,FALSE,TRUE,FALSE,330940,0.92,13.6,3.1,19.5,608,3741,Hai Duong,www.bii.com.vn,1993,VN0000BII,"HNX listed,materials,Northern Vietnam"
BKG,BKG Joint Stock Company,Công ty Cổ phần BKG,HNX,Trading,Trading Business,MID,8011650565006,739,2022-10-12,39779340,31.5,FALSE,TRUE,FALSE,290224,1.41,13.4,2.9,11.9,440,4720,Quang Ninh,www.bkg.com.vn,2000,VN0000BKG,"HNX listed,trading,Northern Vietnam"
BLF,BLF Joint Stock Company,Công ty Cổ phần BLF,HNX,Services,Services Business,MID,10970866439623,721,2011-09-02,295065061,77.5,FALSE,TRUE,FALSE,293322,1.55,11.3,1.0,10.2,211,2994,Nam Dinh,www.blf.com.vn,1996,VN0000BLF,"HNX listed,services,Northern Vietnam"
BMC,BMC Joint Stock Company,Công ty Cổ phần BMC,HNX,Technology,Technology Business,SMALL,2420043453998,45,2021-11-14,107027721,60.7,FALSE,TRUE,FALSE,113871,1.00,23.8,3.2,17.6,206,6432,Thanh Hoa,www.bmc.com.vn,1998,VN0000BMC,"HNX listed,technology,Northern Vietnam"
BMF,BMF Joint Stock Company,Công ty Cổ phần BMF,HNX,Healthcare,Healthcare Business,SMALL,852589977098,108,2011-06-13,126559015,69.5,FALSE,TRUE,FALSE,250703,1.37,23.7,2.0,16.5,637,3370,Nghe An,www.bmf.com.vn,2016,VN0000BMF,"HNX listed,healthcare,Northern Vietnam"
BMI,BMI Joint Stock Company,Công ty Cổ phần BMI,HNX,Energy,Energy Business,SMALL,521245327031,35,2010-04-09,272337222,53.5,FALSE,TRUE,FALSE,20007,0.76,19.9,3.1,16.6,586,2589,Ha Nam,www.bmi.com.vn,1995,VN0000BMI,"HNX listed,energy,Northern Vietnam"
BMP,BMP Joint Stock Company,Công ty Cổ phần BMP,HNX,Mining,Mining Business,SMALL,1951133720956,110,2013-11-02,258146097,40.5,FALSE,TRUE,TRUE,335554,1.30,20.6,2.5,11.7,47,1107,Hung Yen,www.bmp.com.vn,2008,VN0000BMP,"HNX listed,mining,Northern Vietnam"
BRC,BRC Joint Stock Company,Công ty Cổ phần BRC,HNX,Manufacturing,Manufacturing Business,SMALL,2491754286002,77,2021-07-06,40710274,50.8,FALSE,TRUE,FALSE,24643,1.19,9.9,3.0,21.3,182,3515,Hanoi,www.brc.com.vn,1986,VN0000BRC,"HNX listed,manufacturing,Northern Vietnam"
BSI,BSI Joint Stock Company,Công ty Cổ phần BSI,HNX,Construction,Construction Business,SMALL,925510430048,74,2008-12-04,171274693,63.8,FALSE,TRUE,FALSE,140889,0.86,8.0,2.5,18.5,367,4891,Hai Phong,www.bsi.com.vn,1995,VN0000BSI,"HNX listed,construction,Northern Vietnam"
BTC,BTC Joint Stock Company,Công ty Cổ phần BTC,HNX,Agriculture,Agriculture Business,SMALL,1034549990595,36,2008-08-21,89291825,49.7,FALSE,TRUE,FALSE,208004,1.44,14.5,2.0,21.8,254,7853,Thai Nguyen,www.btc.com.vn,2018,VN0000BTC,"HNX listed,agriculture,Northern Vietnam"
BTT,BTT Joint Stock Company,Công ty Cổ phần BTT,HNX,Food Processing,Food Processing Business,SMALL,2133594607601,35,2012-03-21,168517088,31.3,FALSE,TRUE,FALSE,363366,0.75,12.2,2.2,8.2,728,362,Bac Ninh,www.btt.com.vn,2003,VN0000BTT,"HNX listed,food processing,Northern Vietnam"
BTS,BTS Joint Stock Company,Công ty Cổ phần BTS,HNX,Textiles,Textiles Business,SMALL,1892299950803,58,2009-07-28,114492357,50.6,FALSE,TRUE,FALSE,181613,1.19,17.5,3.3,13.1,342,2662,Vinh Phuc,www.bts.com.vn,1997,VN0000BTS,"HNX listed,textiles,Northern Vietnam"
BVS,BVS Joint Stock Company,Công ty Cổ phần BVS,HNX,Materials,Materials Business,SMALL,568985072617,92,2021-02-27,135134548,63.5,FALSE,TRUE,FALSE,145857,0.72,17.9,1.3,21.6,486,4980,Hai Duong,www.bvs.com.vn,1999,VN0000BVS,"HNX listed,materials,Northern Vietnam"
CAD,CAD Joint Stock Company,Công ty Cổ phần CAD,HNX,Trading,Trading Business,SMALL,634921202862,31,2015-12-17,23544310,27.1,FALSE,FALSE,TRUE,67140,1.05,23.3,2.6,17.9,751,2533,Quang Ninh,www.cad.com.vn,2011,VN0000CAD,"HNX listed,trading,Northern Vietnam"
CAM,CAM Joint Stock Company,Công ty Cổ phần CAM,HNX,Services,Services Business,SMALL,2330500222794,35,2009-12-05,73373462,66.5,FALSE,FALSE,FALSE,278268,0.90,12.7,1.6,16.3,350,3583,Nam Dinh,www.cam.com.vn,1999,VN0000CAM,"HNX listed,services,Northern Vietnam"
CAN,CAN Joint Stock Company,Công ty Cổ phần CAN,HNX,Technology,Technology Business,SMALL,1895051925286,120,2008-05-21,236477241,74.9,FALSE,FALSE,FALSE,276097,0.76,19.8,1.3,8.8,746,6304,Thanh Hoa,www.can.com.vn,2004,VN0000CAN,"HNX listed,technology,Northern Vietnam"
CAP,CAP Joint Stock Company,Công ty Cổ phần CAP,HNX,Healthcare,Healthcare Business,SMALL,1031469509272,72,2021-12-15,156159177,70.4,FALSE,FALSE,FALSE,381948,1.49,19.5,3.3,16.4,536,655,Nghe An,www.cap.com.vn,2000,VN0000CAP,"HNX listed,healthcare,Northern Vietnam"
CAR,CAR Joint Stock Company,Công ty Cổ phần CAR,HNX,Energy,Energy Business,SMALL,1558801046847,120,2018-09-15,271063514,82.4,FALSE,FALSE,TRUE,391219,1.54,20.0,1.9,20.3,55,3245,Ha Nam,www.car.com.vn,2007,VN0000CAR,"HNX listed,energy,Northern Vietnam"
CAS,CAS Joint Stock Company,Công ty Cổ phần CAS,HNX,Mining,Mining Business,SMALL,1348179720090,23,2019-10-17,218949274,58.2,FALSE,FALSE,TRUE,198149,0.67,21.8,2.5,9.1,480,3565,Hung Yen,www.cas.com.vn,2004,VN0000CAS,"HNX listed,mining,Northern Vietnam"
CAT,CAT Joint Stock Company,Công ty Cổ phần CAT,HNX,Manufacturing,Manufacturing Business,SMALL,2832124288505,112,2021-08-16,100120131,60.6,FALSE,FALSE,TRUE,66649,1.04,8.6,1.4,20.0,226,2302,Hanoi,www.cat.com.vn,2001,VN0000CAT,"HNX listed,manufacturing,Northern Vietnam"
CAV,CAV Joint Stock Company,Công ty Cổ phần CAV,HNX,Construction,Construction Business,SMALL,2454056277081,97,2017-12-03,264201083,64.9,FALSE,FALSE,FALSE,244882,1.36,15.8,1.5,10.4,460,2368,Hai Phong,www.cav.com.vn,1986,VN0000CAV,"HNX listed,construction,Northern Vietnam"
CBN,CBN Joint Stock Company,Công ty Cổ phần CBN,HNX,Agriculture,Agriculture Business,SMALL,1086032499712,77,2021-01-20,161520834,41.6,FALSE,FALSE,FALSE,87521,0.63,19.0,3.1,9.0,391,1613,Thai Nguyen,www.cbn.com.vn,2018,VN0000CBN,"HNX listed,agriculture,Northern Vietnam"
CCP,CCP Joint Stock Company,Công ty Cổ phần CCP,HNX,Food Processing,Food Processing Business,SMALL,698627124642,40,2009-11-01,143462701,50.7,FALSE,FALSE,FALSE,59661,0.89,16.0,2.0,21.1,194,3666,Bac Ninh,www.ccp.com.vn,2014,VN0000CCP,"HNX listed,food processing,Northern Vietnam"
CCS,CCS Joint Stock Company,Công ty Cổ phần CCS,HNX,Textiles,Textiles Business,SMALL,1691481828071,22,2016-07-06,288437415,51.8,FALSE,FALSE,FALSE,77351,1.22,15.8,1.8,21.8,384,7122,Vinh Phuc,www.ccs.com.vn,1996,VN0000CCS,"HNX listed,textiles,Northern Vietnam"
CDC,CDC Joint Stock Company,Công ty Cổ phần CDC,HNX,Materials,Materials Business,SMALL,1185553148116,57,2019-02-14,68235539,42.2,FALSE,FALSE,TRUE,322373,1.58,8.9,3.1,17.4,283,4153,Hai Duong,www.cdc.com.vn,2005,VN0000CDC,"HNX listed,materials,Northern Vietnam"
CDN,CDN Joint Stock Company,Công ty Cổ phần CDN,HNX,Trading,Trading Business,SMALL,1845384226865,61,2023-08-22,189943648,68.0,FALSE,FALSE,FALSE,90175,1.44,16.5,2.5,18.8,728,4801,Quang Ninh,www.cdn.com.vn,1989,VN0000CDN,"HNX listed,trading,Northern Vietnam"
CEO,CEO Joint Stock Company,Công ty Cổ phần CEO,HNX,Services,Services Business,SMALL,1094400008755,101,2008-08-18,276901153,56.3,FALSE,FALSE,TRUE,8921,1.16,11.5,3.3,16.1,516,4500,Nam Dinh,www.ceo.com.vn,2021,VN0000CEO,"HNX listed,services,Northern Vietnam"
CFC,CFC Joint Stock Company,Công ty Cổ phần CFC,HNX,Technology,Technology Business,SMALL,525424168763,106,2009-07-03,68655998,44.0,FALSE,FALSE,FALSE,332101,1.33,23.3,2.4,12.6,561,7736,Thanh Hoa,www.cfc.com.vn,2019,VN0000CFC,"HNX listed,technology,Northern Vietnam"
CFM,CFM Joint Stock Company,Công ty Cổ phần CFM,HNX,Healthcare,Healthcare Business,SMALL,2563207208340,108,2019-07-22,71758725,49.9,FALSE,FALSE,FALSE,225838,0.86,19.2,2.6,16.8,634,5495,Nghe An,www.cfm.com.vn,2005,VN0000CFM,"HNX listed,healthcare,Northern Vietnam"
CGL,CGL Joint Stock Company,Công ty Cổ phần CGL,HNX,Energy,Energy Business,SMALL,1446003835530,78,2023-02-24,250350406,62.6,FALSE,FALSE,TRUE,233000,1.38,23.3,2.9,15.6,111,5385,Ha Nam,www.cgl.com.vn,1990,VN0000CGL,"HNX listed,energy,Northern Vietnam"
CGP,CGP Joint Stock Company,Công ty Cổ phần CGP,HNX,Mining,Mining Business,SMALL,2755038937377,35,2010-07-14,120294151,28.4,FALSE,FALSE,FALSE,133555,1.50,21.2,3.1,13.0,139,1683,Hung Yen,www.cgp.com.vn,2022,VN0000CGP,"HNX listed,mining,Northern Vietnam"
CHA,CHA Joint Stock Company,Công ty Cổ phần CHA,HNX,Manufacturing,Manufacturing Business,SMALL,1198671860381,65,2016-06-13,132164674,70.0,FALSE,FALSE,TRUE,373029,1.47,14.6,2.6,21.0,604,4281,Hanoi,www.cha.com.vn,2009,VN0000CHA,"HNX listed,manufacturing,Northern Vietnam"
CHC,CHC Joint Stock Company,Công ty Cổ phần CHC,HNX,Construction,Construction Business,SMALL,1967018874690,31,2016-03-17,145687477,36.9,FALSE,FALSE,FALSE,187057,1.21,20.6,1.9,10.9,404,3518,Hai Phong,www.chc.com.vn,2015,VN0000CHC,"HNX listed,construction,Northern Vietnam"
DAD,DAD Joint Stock Company,Công ty Cổ phần DAD,HNX,Agriculture,Agriculture Business,SMALL,2626681212575,68,2013-07-09,125989861,80.0,FALSE,FALSE,TRUE,229244,1.08,11.5,2.4,8.6,179,4628,Thai Nguyen,www.dad.com.vn,1998,VN0000DAD,"HNX listed,agriculture,Northern Vietnam"
DAG,DAG Joint Stock Company,Công ty Cổ phần DAG,HNX,Food Processing,Food Processing Business,SMALL,1157699669948,38,2015-12-25,175578455,49.4,FALSE,FALSE,FALSE,342648,1.01,22.0,1.2,11.3,526,7281,Bac Ninh,www.dag.com.vn,2013,VN0000DAG,"HNX listed,food processing,Northern Vietnam"
DAH,DAH Joint Stock Company,Công ty Cổ phần DAH,HNX,Textiles,Textiles Business,SMALL,556556606034,99,2019-05-07,86970577,60.7,FALSE,FALSE,FALSE,243041,1.54,21.8,1.1,8.4,46,1650,Vinh Phuc,www.dah.com.vn,1992,VN0000DAH,"HNX listed,textiles,Northern Vietnam"
DAN,DAN Joint Stock Company,Công ty Cổ phần DAN,HNX,Materials,Materials Business,SMALL,1383417899375,23,2021-04-17,266955948,60.4,FALSE,FALSE,TRUE,177968,1.57,19.1,2.7,11.4,223,7621,Hai Duong,www.dan.com.vn,1995,VN0000DAN,"HNX listed,materials,Northern Vietnam"
DAP,DAP Joint Stock Company,Công ty Cổ phần DAP,HNX,Trading,Trading Business,SMALL,2982401948133,28,2022-06-28,102373346,44.3,FALSE,FALSE,FALSE,43774,0.72,8.0,2.9,20.5,83,1335,Quang Ninh,www.dap.com.vn,2018,VN0000DAP,"HNX listed,trading,Northern Vietnam"
DAR,DAR Joint Stock Company,Công ty Cổ phần DAR,HNX,Services,Services Business,SMALL,827615871600,71,2015-02-07,186029543,43.0,FALSE,FALSE,FALSE,50217,1.35,13.4,3.2,12.2,112,1667,Nam Dinh,www.dar.com.vn,2007,VN0000DAR,"HNX listed,services,Northern Vietnam"
DAS,DAS Joint Stock Company,Công ty Cổ phần DAS,HNX,Technology,Technology Business,SMALL,1776023710308,98,2017-10-07,254417255,80.7,FALSE,FALSE,FALSE,205663,1.48,19.5,2.7,21.1,778,178,Thanh Hoa,www.das.com.vn,2014,VN0000DAS,"HNX listed,technology,Northern Vietnam"
DAT,DAT Joint Stock Company,Công ty Cổ phần DAT,HNX,Healthcare,Healthcare Business,SMALL,804896942512,92,2018-04-25,297114975,84.6,FALSE,FALSE,TRUE,129683,1.50,23.7,2.5,21.9,405,6132,Nghe An,www.dat.com.vn,2003,VN0000DAT,"HNX listed,healthcare,Northern Vietnam"
DAV,DAV Joint Stock Company,Công ty Cổ phần DAV,HNX,Energy,Energy Business,SMALL,2238861809284,72,2020-05-13,77418378,45.4,FALSE,FALSE,FALSE,252052,1.47,18.7,2.5,13.3,313,4920,Ha Nam,www.dav.com.vn,2020,VN0000DAV,"HNX listed,energy,Northern Vietnam"
DBD,DBD Joint Stock Company,Công ty Cổ phần DBD,HNX,Mining,Mining Business,SMALL,1317396153489,71,2021-05-13,156291906,79.7,FALSE,FALSE,TRUE,67779,1.19,13.3,3.4,8.3,117,6384,Hung Yen,www.dbd.com.vn,1990,VN0000DBD,"HNX listed,mining,Northern Vietnam"
DBC,DBC Joint Stock Company,Công ty Cổ phần DBC,HNX,Manufacturing,Manufacturing Business,SMALL,1055064377226,86,2014-12-12,57495806,72.9,FALSE,FALSE,FALSE,42834,1.27,13.2,2.5,20.6,178,4459,Hanoi,www.dbc.com.vn,2020,VN0000DBC,"HNX listed,manufacturing,Northern Vietnam"
DBG,DBG Joint Stock Company,Công ty Cổ phần DBG,HNX,Construction,Construction Business,SMALL,1929282072800,29,2012-08-16,252471470,82.2,FALSE,FALSE,FALSE,325737,1.09,12.8,2.9,21.9,34,1213,Hai Phong,www.dbg.com.vn,1987,VN0000DBG,"HNX listed,construction,Northern Vietnam"
DBM,DBM Joint Stock Company,Công ty Cổ phần DBM,HNX,Agriculture,Agriculture Business,SMALL,788705861304,120,2009-04-11,281604327,47.3,FALSE,FALSE,TRUE,380927,1.01,23.7,3.2,14.5,679,1134,Thai Nguyen,www.dbm.com.vn,1988,VN0000DBM,"HNX listed,agriculture,Northern Vietnam"
DBT,DBT Joint Stock Company,Công ty Cổ phần DBT,HNX,Food Processing,Food Processing Business,SMALL,907935806073,103,2024-01-20,217916242,39.3,FALSE,FALSE,FALSE,120165,0.71,23.5,3.1,17.0,254,875,Bac Ninh,www.dbt.com.vn,1990,VN0000DBT,"HNX listed,food processing,Northern Vietnam"
DCC,DCC Joint Stock Company,Công ty Cổ phần DCC,HNX,Textiles,Textiles Business,SMALL,2321907523407,68,2011-06-17,52016022,65.7,FALSE,FALSE,FALSE,36100,0.88,8.9,3.3,10.7,621,7221,Vinh Phuc,www.dcc.com.vn,2022,VN0000DCC,"HNX listed,textiles,Northern Vietnam"
DCF,DCF Joint Stock Company,Công ty Cổ phần DCF,HNX,Materials,Materials Business,SMALL,604708355151,31,2010-01-14,19750881,72.6,FALSE,FALSE,TRUE,206810,1.17,22.2,3.0,10.9,201,4229,Hai Duong,www.dcf.com.vn,1985,VN0000DCF,"HNX listed,materials,Northern Vietnam"
DCG,DCG Joint Stock Company,Công ty Cổ phần DCG,HNX,Trading,Trading Business,SMALL,1785120458111,87,2018-06-17,18272487,73.2,FALSE,FALSE,FALSE,237964,1.24,18.9,1.2,9.7,497,648,Quang Ninh,www.dcg.com.vn,2018,VN0000DCG,"HNX listed,trading,Northern Vietnam"
DCH,DCH Joint Stock Company,Công ty Cổ phần DCH,HNX,Services,Services Business,SMALL,2233818157077,92,2021-09-13,187803851,25.6,FALSE,FALSE,FALSE,338449,0.73,24.2,1.3,11.7,336,5068,Nam Dinh,www.dch.com.vn,1997,VN0000DCH,"HNX listed,services,Northern Vietnam"
DCI,DCI Joint Stock Company,Công ty Cổ phần DCI,HNX,Technology,Technology Business,SMALL,2602569286092,42,2009-09-21,36590096,53.1,FALSE,FALSE,FALSE,66288,0.70,13.4,0.9,12.9,247,745,Thanh Hoa,www.dci.com.vn,2013,VN0000DCI,"HNX listed,technology,Northern Vietnam"
DCL,DCL Joint Stock Company,Công ty Cổ phần DCL,HNX,Healthcare,Healthcare Business,SMALL,2702060471953,68,2013-02-07,261167461,71.4,FALSE,FALSE,TRUE,17643,1.60,13.6,2.8,16.9,501,415,Nghe An,www.dcl.com.vn,1987,VN0000DCL,"HNX listed,healthcare,Northern Vietnam"
DCM,DCM Joint Stock Company,Công ty Cổ phần DCM,HNX,Energy,Energy Business,SMALL,2985883490917,61,2011-03-08,38524468,45.8,FALSE,FALSE,FALSE,217305,1.08,23.0,2.4,15.2,631,6362,Ha Nam,www.dcm.com.vn,2018,VN0000DCM,"HNX listed,energy,Northern Vietnam"
DCN,DCN Joint Stock Company,Công ty Cổ phần DCN,HNX,Mining,Mining Business,SMALL,1802100562665,88,2012-12-19,237979161,67.6,FALSE,FALSE,TRUE,114899,1.34,16.4,1.6,15.7,581,256,Hung Yen,www.dcn.com.vn,1992,VN0000DCN,"HNX listed,mining,Northern Vietnam"
DCS,DCS Joint Stock Company,Công ty Cổ phần DCS,HNX,Manufacturing,Manufacturing Business,SMALL,1807457904447,31,2015-06-21,151414071,55.8,FALSE,FALSE,FALSE,135147,1.14,14.4,3.1,14.4,172,6352,Hanoi,www.dcs.com.vn,1992,VN0000DCS,"HNX listed,manufacturing,Northern Vietnam"
DCT,DCT Joint Stock Company,Công ty Cổ phần DCT,HNX,Construction,Construction Business,SMALL,1057250253138,71,2018-03-27,259724066,55.9,FALSE,FALSE,TRUE,352939,0.81,18.7,1.7,16.3,774,7779,Hai Phong,www.dct.com.vn,1996,VN0000DCT,"HNX listed,construction,Northern Vietnam"
DDG,DDG Joint Stock Company,Công ty Cổ phần DDG,HNX,Agriculture,Agriculture Business,SMALL,1226994508001,95,2016-11-02,236269337,43.1,FALSE,FALSE,FALSE,153223,1.14,23.3,2.6,21.8,354,6120,Thai Nguyen,www.ddg.com.vn,2017,VN0000DDG,"HNX listed,agriculture,Northern Vietnam"
DDH,DDH Joint Stock Company,Công ty Cổ phần DDH,HNX,Food Processing,Food Processing Business,SMALL,2799254649608,52,2022-03-15,88903643,83.6,FALSE,FALSE,FALSE,399706,0.89,10.3,3.4,18.7,625,4705,Bac Ninh,www.ddh.com.vn,1987,VN0000DDH,"HNX listed,food processing,Northern Vietnam"
DDM,DDM Joint Stock Company,Công ty Cổ phần DDM,HNX,Textiles,Textiles Business,SMALL,2503109197156,88,2013-10-02,191647208,47.4,FALSE,FALSE,FALSE,269103,1.55,19.8,1.3,21.2,46,1356,Vinh Phuc,www.ddm.com.vn,1994,VN0000DDM,"HNX listed,textiles,Northern Vietnam"
DDN,DDN Joint Stock Company,Công ty Cổ phần DDN,HNX,Materials,Materials Business,SMALL,1162843064674,84,2019-03-16,109683075,70.4,FALSE,FALSE,FALSE,103369,0.87,21.0,3.3,12.3,710,3703,Hai Duong,www.ddn.com.vn,1996,VN0000DDN,"HNX listed,materials,Northern Vietnam"
DDP,DDP Joint Stock Company,Công ty Cổ phần DDP,HNX,Trading,Trading Business,SMALL,907399224161,53,2016-07-18,217764732,51.3,FALSE,FALSE,TRUE,236159,1.22,21.2,0.9,18.6,465,3081,Quang Ninh,www.ddp.com.vn,2019,VN0000DDP,"HNX listed,trading,Northern Vietnam"
DDR,DDR Joint Stock Company,Công ty Cổ phần DDR,HNX,Services,Services Business,SMALL,1173006025894,74,2017-03-23,211491523,48.0,FALSE,FALSE,FALSE,107342,0.95,17.7,3.3,19.9,717,4008,Nam Dinh,www.ddr.com.vn,2021,VN0000DDR,"HNX listed,services,Northern Vietnam"
EAD,EAD Joint Stock Company,Công ty Cổ phần EAD,HNX,Technology,Technology Business,SMALL,753406636832,38,2013-02-26,68292266,40.2,FALSE,FALSE,FALSE,348780,1.44,24.1,1.0,10.8,228,7957,Thanh Hoa,www.ead.com.vn,2010,VN0000EAD,"HNX listed,technology,Northern Vietnam"
EAG,EAG Joint Stock Company,Công ty Cổ phần EAG,HNX,Healthcare,Healthcare Business,SMALL,500626289391,99,2013-03-10,245569771,74.8,FALSE,FALSE,FALSE,335310,1.48,18.1,2.9,9.4,128,1943,Nghe An,www.eag.com.vn,2022,VN0000EAG,"HNX listed,healthcare,Northern Vietnam"
EAH,EAH Joint Stock Company,Công ty Cổ phần EAH,HNX,Energy,Energy Business,SMALL,1511537253589,82,2008-06-24,97256205,56.3,FALSE,FALSE,FALSE,397311,0.70,23.7,0.9,11.7,60,3099,Ha Nam,www.eah.com.vn,1987,VN0000EAH,"HNX listed,energy,Northern Vietnam"
EAN,EAN Joint Stock Company,Công ty Cổ phần EAN,HNX,Mining,Mining Business,SMALL,2071156976328,117,2015-10-27,101474432,50.8,FALSE,FALSE,TRUE,391070,1.23,16.9,1.5,12.0,734,2910,Hung Yen,www.ean.com.vn,1993,VN0000EAN,"HNX listed,mining,Northern Vietnam"
EAP,EAP Joint Stock Company,Công ty Cổ phần EAP,HNX,Manufacturing,Manufacturing Business,SMALL,2737085985608,56,2012-08-01,290672550,59.6,FALSE,FALSE,FALSE,237825,0.70,10.3,1.0,10.7,82,3367,Hanoi,www.eap.com.vn,1989,VN0000EAP,"HNX listed,manufacturing,Northern Vietnam"
EAR,EAR Joint Stock Company,Công ty Cổ phần EAR,HNX,Construction,Construction Business,SMALL,901335553148,84,2009-05-22,205953020,31.7,FALSE,FALSE,TRUE,62778,1.59,19.7,1.2,19.0,341,1524,Hai Phong,www.ear.com.vn,1990,VN0000EAR,"HNX listed,construction,Northern Vietnam"
EAS,EAS Joint Stock Company,Công ty Cổ phần EAS,HNX,Agriculture,Agriculture Business,SMALL,1864909981954,41,2013-03-24,109246911,76.7,FALSE,FALSE,FALSE,215523,0.64,11.0,1.6,17.5,453,1544,Thai Nguyen,www.eas.com.vn,2009,VN0000EAS,"HNX listed,agriculture,Northern Vietnam"
EAT,EAT Joint Stock Company,Công ty Cổ phần EAT,HNX,Food Processing,Food Processing Business,SMALL,2629241069551,75,2020-06-22,239487087,58.4,FALSE,FALSE,FALSE,222932,0.78,20.6,1.9,8.4,27,5847,Bac Ninh,www.eat.com.vn,2005,VN0000EAT,"HNX listed,food processing,Northern Vietnam"
EAV,EAV Joint Stock Company,Công ty Cổ phần EAV,HNX,Textiles,Textiles Business,SMALL,1854502753851,22,2024-01-25,176587295,43.9,FALSE,FALSE,FALSE,351861,1.22,17.6,3.0,21.4,254,1552,Vinh Phuc,www.eav.com.vn,2004,VN0000EAV,"HNX listed,textiles,Northern Vietnam"
EBD,EBD Joint Stock Company,Công ty Cổ phần EBD,HNX,Materials,Materials Business,SMALL,1984557365670,40,2024-10-22,279109833,38.4,FALSE,FALSE,FALSE,118839,1.58,24.5,1.3,16.7,305,7381,Hai Duong,www.ebd.com.vn,2020,VN0000EBD,"HNX listed,materials,Northern Vietnam"
FBC,FBC Joint Stock Company,Công ty Cổ phần FBC,HNX,Trading,Trading Business,SMALL,2077365778521,71,2011-10-02,107773690,59.4,FALSE,FALSE,FALSE,51749,1.46,9.6,2.9,10.9,277,2816,Quang Ninh,www.fbc.com.vn,1998,VN0000FBC,"HNX listed,trading,Northern Vietnam"
FBG,FBG Joint Stock Company,Công ty Cổ phần FBG,HNX,Services,Services Business,SMALL,844985889563,61,2020-11-15,240604258,67.1,FALSE,FALSE,FALSE,395299,1.58,9.3,1.8,9.2,198,3624,Nam Dinh,www.fbg.com.vn,1985,VN0000FBG,"HNX listed,services,Northern Vietnam"
FBM,FBM Joint Stock Company,Công ty Cổ phần FBM,HNX,Technology,Technology Business,SMALL,914876321680,96,2013-03-01,205591976,84.4,FALSE,FALSE,FALSE,169628,1.14,18.8,1.6,21.1,38,4690,Thanh Hoa,www.fbm.com.vn,1993,VN0000FBM,"HNX listed,technology,Northern Vietnam"
FBT,FBT Joint Stock Company,Công ty Cổ phần FBT,HNX,Healthcare,Healthcare Business,SMALL,752070205151,88,2022-08-04,133037935,55.7,FALSE,FALSE,FALSE,248424,0.67,12.8,1.1,14.9,123,3928,Nghe An,www.fbt.com.vn,2021,VN0000FBT,"HNX listed,healthcare,Northern Vietnam"
FCC,FCC Joint Stock Company,Công ty Cổ phần FCC,HNX,Energy,Energy Business,SMALL,1622957847332,67,2009-04-25,12936586,76.8,FALSE,FALSE,FALSE,294706,1.25,15.9,1.5,13.7,447,2729,Ha Nam,www.fcc.com.vn,2007,VN0000FCC,"HNX listed,energy,Northern Vietnam"
FCF,FCF Joint Stock Company,Công ty Cổ phần FCF,HNX,Mining,Mining Business,SMALL,2198734641657,43,2016-12-09,40167613,47.0,FALSE,FALSE,FALSE,119107,0.63,22.7,2.8,9.5,316,1705,Hung Yen,www.fcf.com.vn,2020,VN0000FCF,"HNX listed,mining,Northern Vietnam"
FCG,FCG Joint Stock Company,Công ty Cổ phần FCG,HNX,Manufacturing,Manufacturing Business,SMALL,1648044540899,58,2022-10-05,155929857,82.3,FALSE,FALSE,FALSE,188365,1.50,15.6,1.7,18.2,313,4002,Hanoi,www.fcg.com.vn,1992,VN0000FCG,"HNX listed,manufacturing,Northern Vietnam"
FCH,FCH Joint Stock Company,Công ty Cổ phần FCH,HNX,Construction,Construction Business,SMALL,2713577679721,73,2008-02-22,144817183,59.7,FALSE,FALSE,FALSE,19196,1.08,10.1,1.6,15.7,113,5485,Hai Phong,www.fch.com.vn,1992,VN0000FCH,"HNX listed,construction,Northern Vietnam"
FCI,FCI Joint Stock Company,Công ty Cổ phần FCI,HNX,Agriculture,Agriculture Business,SMALL,2352748352963,45,2009-06-02,290750150,70.7,FALSE,FALSE,FALSE,117725,1.12,12.2,3.4,15.6,494,4950,Thai Nguyen,www.fci.com.vn,2011,VN0000FCI,"HNX listed,agriculture,Northern Vietnam"
FCL,FCL Joint Stock Company,Công ty Cổ phần FCL,HNX,Food Processing,Food Processing Business,SMALL,2643299920213,62,2011-06-26,262580659,59.0,FALSE,FALSE,FALSE,116374,1.28,19.5,1.1,20.9,18,4500,Bac Ninh,www.fcl.com.vn,2020,VN0000FCL,"HNX listed,food processing,Northern Vietnam"
GAD,GAD Joint Stock Company,Công ty Cổ phần GAD,HNX,Textiles,Textiles Business,SMALL,837326661109,54,2009-10-17,183326717,64.9,FALSE,FALSE,FALSE,8979,1.08,20.5,1.2,12.1,750,4235,Vinh Phuc,www.gad.com.vn,1988,VN0000GAD,"HNX listed,textiles,Northern Vietnam"
GAG,GAG Joint Stock Company,Công ty Cổ phần GAG,HNX,Materials,Materials Business,SMALL,1071392485526,46,2008-11-25,242955064,55.5,FALSE,FALSE,FALSE,39440,0.64,23.7,1.3,17.6,597,1803,Hai Duong,www.gag.com.vn,2010,VN0000GAG,"HNX listed,materials,Northern Vietnam"
GAH,GAH Joint Stock Company,Công ty Cổ phần GAH,HNX,Trading,Trading Business,SMALL,2709674902301,73,2016-07-24,70976029,45.1,FALSE,FALSE,FALSE,88422,1.56,23.7,2.2,15.1,673,5166,Quang Ninh,www.gah.com.vn,1985,VN0000GAH,"HNX listed,trading,Northern Vietnam"
GAN,GAN Joint Stock Company,Công ty Cổ phần GAN,HNX,Services,Services Business,SMALL,1254931712947,69,2012-10-11,76614175,82.0,FALSE,FALSE,FALSE,200519,1.18,16.3,1.0,21.2,690,1975,Nam Dinh,www.gan.com.vn,2012,VN0000GAN,"HNX listed,services,Northern Vietnam"
GAP,GAP Joint Stock Company,Công ty Cổ phần GAP,HNX,Technology,Technology Business,SMALL,981917717024,45,2019-10-22,271884767,66.6,FALSE,FALSE,TRUE,177141,1.49,20.3,1.7,15.0,260,6552,Thanh Hoa,www.gap.com.vn,2017,VN0000GAP,"HNX listed,technology,Northern Vietnam"
GAR,GAR Joint Stock Company,Công ty Cổ phần GAR,HNX,Healthcare,Healthcare Business,SMALL,583975000008,66,2016-03-14,39696121,51.9,FALSE,FALSE,FALSE,251934,1.47,13.3,3.0,16.4,198,5409,Nghe An,www.gar.com.vn,1989,VN0000GAR,"HNX listed,healthcare,Northern Vietnam"
GAS,GAS Joint Stock Company,Công ty Cổ phần GAS,HNX,Energy,Energy Business,SMALL,2902421652622,78,2012-06-12,89825195,26.4,FALSE,FALSE,TRUE,227839,0.81,9.3,1.1,12.5,143,1326,Ha Nam,www.gas.com.vn,1999,VN0000GAS,"HNX listed,energy,Northern Vietnam"
GAT,GAT Joint Stock Company,Công ty Cổ phần GAT,HNX,Mining,Mining Business,SMALL,2993806837633,62,2013-09-10,43346744,78.0,FALSE,FALSE,TRUE,244632,1.39,9.0,2.3,14.1,95,2915,Hung Yen,www.gat.com.vn,2003,VN0000GAT,"HNX listed,mining,Northern Vietnam"
GAV,GAV Joint Stock Company,Công ty Cổ phần GAV,HNX,Manufacturing,Manufacturing Business,SMALL,1251094616256,57,2013-04-06,185754294,43.5,FALSE,FALSE,FALSE,50891,0.81,21.4,1.1,11.4,233,7698,Hanoi,www.gav.com.vn,1992,VN0000GAV,"HNX listed,manufacturing,Northern Vietnam"
GBD,GBD Joint Stock Company,Công ty Cổ phần GBD,HNX,Construction,Construction Business,SMALL,2179226033041,32,2012-07-02,12625968,30.8,FALSE,FALSE,FALSE,122812,1.32,23.9,1.2,14.4,50,2560,Hai Phong,www.gbd.com.vn,1999,VN0000GBD,"HNX listed,construction,Northern Vietnam"
HAD,HAD Joint Stock Company,Công ty Cổ phần HAD,HNX,Agriculture,Agriculture Business,SMALL,2996585454054,33,2012-03-24,239772747,81.7,FALSE,FALSE,TRUE,303430,1.36,24.1,1.3,18.3,543,2801,Thai Nguyen,www.had.com.vn,1989,VN0000HAD,"HNX listed,agriculture,Northern Vietnam"
HAG,HAG Joint Stock Company,Công ty Cổ phần HAG,HNX,Food Processing,Food Processing Business,SMALL,1760189031542,90,2019-07-24,20649137,50.3,FALSE,FALSE,TRUE,255102,0.90,17.6,1.8,15.9,128,5740,Bac Ninh,www.hag.com.vn,1996,VN0000HAG,"HNX listed,food processing,Northern Vietnam"
HAH,HAH Joint Stock Company,Công ty Cổ phần HAH,HNX,Textiles,Textiles Business,SMALL,1015380673508,66,2022-02-07,274937540,27.1,FALSE,FALSE,TRUE,399683,1.59,15.8,2.5,13.2,432,1536,Vinh Phuc,www.hah.com.vn,1996,VN0000HAH,"HNX listed,textiles,Northern Vietnam"
HAN,HAN Joint Stock Company,Công ty Cổ phần HAN,HNX,Materials,Materials Business,SMALL,1081821844326,55,2019-10-11,257161585,69.7,FALSE,FALSE,FALSE,30544,1.29,19.3,2.8,9.6,407,5307,Hai Duong,www.han.com.vn,1996,VN0000HAN,"HNX listed,materials,Northern Vietnam"
HAP,HAP Joint Stock Company,Công ty Cổ phần HAP,HNX,Trading,Trading Business,SMALL,2871911042641,41,2018-11-13,167866025,27.4,FALSE,FALSE,FALSE,367734,0.71,19.2,3.2,10.4,776,7429,Quang Ninh,www.hap.com.vn,2007,VN0000HAP,"HNX listed,trading,Northern Vietnam"
HAR,HAR Joint Stock Company,Công ty Cổ phần HAR,HNX,Services,Services Business,SMALL,1073127990307,111,2020-12-02,67898120,69.5,FALSE,FALSE,TRUE,337612,1.36,14.5,1.0,8.9,758,3366,Nam Dinh,www.har.com.vn,2016,VN0000HAR,"HNX listed,services,Northern Vietnam"
HAS,HAS Joint Stock Company,Công ty Cổ phần HAS,HNX,Technology,Technology Business,SMALL,2737793027268,54,2017-01-08,229245499,44.1,FALSE,FALSE,FALSE,358642,0.89,8.4,1.6,9.9,432,4078,Thanh Hoa,www.has.com.vn,1989,VN0000HAS,"HNX listed,technology,Northern Vietnam"
HAT,HAT Joint Stock Company,Công ty Cổ phần HAT,HNX,Healthcare,Healthcare Business,SMALL,1941972188760,92,2013-04-05,126054054,60.7,FALSE,FALSE,TRUE,143225,1.00,10.6,2.1,10.4,546,6430,Nghe An,www.hat.com.vn,2020,VN0000HAT,"HNX listed,healthcare,Northern Vietnam"
HAV,HAV Joint Stock Company,Công ty Cổ phần HAV,HNX,Energy,Energy Business,SMALL,1729322376057,76,2009-09-07,192551205,29.3,FALSE,FALSE,FALSE,131608,0.84,15.7,3.2,12.4,355,1258,Ha Nam,www.hav.com.vn,1995,VN0000HAV,"HNX listed,energy,Northern Vietnam"
HBD,HBD Joint Stock Company,Công ty Cổ phần HBD,HNX,Mining,Mining Business,SMALL,2578558070611,23,2023-11-26,107780765,76.4,FALSE,FALSE,FALSE,143959,1.51,13.4,1.6,8.6,734,1913,Hung Yen,www.hbd.com.vn,2017,VN0000HBD,"HNX listed,mining,Northern Vietnam"
IAD,IAD Joint Stock Company,Công ty Cổ phần IAD,HNX,Manufacturing,Manufacturing Business,SMALL,2788574855568,94,2009-06-17,101279541,28.6,FALSE,FALSE,TRUE,368116,1.21,21.7,3.0,19.6,564,1629,Hanoi,www.iad.com.vn,2008,VN0000IAD,"HNX listed,manufacturing,Northern Vietnam"
IAG,IAG Joint Stock Company,Công ty Cổ phần IAG,HNX,Construction,Construction Business,SMALL,1081034581635,30,2023-02-16,102302862,56.1,FALSE,FALSE,FALSE,393011,1.28,17.6,1.3,15.0,752,4068,Hai Phong,www.iag.com.vn,2004,VN0000IAG,"HNX listed,construction,Northern Vietnam"
IAH,IAH Joint Stock Company,Công ty Cổ phần IAH,HNX,Agriculture,Agriculture Business,SMALL,1771919327057,59,2010-01-27,85269025,78.4,FALSE,FALSE,FALSE,209828,1.50,18.6,1.0,19.6,465,3137,Thai Nguyen,www.iah.com.vn,2015,VN0000IAH,"HNX listed,agriculture,Northern Vietnam"
IAN,IAN Joint Stock Company,Công ty Cổ phần IAN,HNX,Food Processing,Food Processing Business,SMALL,1269085240727,37,2019-01-25,246975119,27.1,FALSE,FALSE,TRUE,110261,0.82,20.3,2.4,11.4,746,3820,Bac Ninh,www.ian.com.vn,2000,VN0000IAN,"HNX listed,food processing,Northern Vietnam"
IAP,IAP Joint Stock Company,Công ty Cổ phần IAP,HNX,Textiles,Textiles Business,SMALL,1770345982313,78,2013-08-19,201826419,53.7,FALSE,FALSE,TRUE,27859,0.88,8.3,1.0,18.8,713,6753,Vinh Phuc,www.iap.com.vn,1987,VN0000IAP,"HNX listed,textiles,Northern Vietnam"
IAR,IAR Joint Stock Company,Công ty Cổ phần IAR,HNX,Materials,Materials Business,SMALL,682815184601,57,2009-11-04,75927371,29.6,FALSE,FALSE,FALSE,78943,1.26,13.6,1.8,17.7,639,6861,Hai Duong,www.iar.com.vn,2022,VN0000IAR,"HNX listed,materials,Northern Vietnam"
IAS,IAS Joint Stock Company,Công ty Cổ phần IAS,HNX,Trading,Trading Business,SMALL,2517388079561,99,2023-12-16,173637183,77.7,FALSE,FALSE,FALSE,67254,0.70,14.3,1.5,12.1,63,809,Quang Ninh,www.ias.com.vn,1996,VN0000IAS,"HNX listed,trading,Northern Vietnam"
IAT,IAT Joint Stock Company,Công ty Cổ phần IAT,HNX,Services,Services Business,SMALL,2356553398712,107,2021-07-09,99165550,83.3,FALSE,FALSE,TRUE,100280,1.10,11.1,2.2,13.3,92,631,Nam Dinh,www.iat.com.vn,2011,VN0000IAT,"HNX listed,services,Northern Vietnam"
IAV,IAV Joint Stock Company,Công ty Cổ phần IAV,HNX,Technology,Technology Business,SMALL,2583049907543,89,2012-07-23,141871828,41.4,FALSE,FALSE,FALSE,213398,0.86,19.0,2.7,18.5,384,631,Thanh Hoa,www.iav.com.vn,2009,VN0000IAV,"HNX listed,technology,Northern Vietnam"
IBD,IBD Joint Stock Company,Công ty Cổ phần IBD,HNX,Healthcare,Healthcare Business,SMALL,2407534926679,30,2010-04-10,102466617,44.0,FALSE,FALSE,FALSE,249847,1.43,19.3,3.5,19.6,37,3506,Nghe An,www.ibd.com.vn,2022,VN0000IBD,"HNX listed,healthcare,Northern Vietnam"
JAD,JAD Joint Stock Company,Công ty Cổ phần JAD,HNX,Energy,Energy Business,SMALL,2069509256569,79,2021-11-23,184289573,74.5,FALSE,FALSE,FALSE,242744,1.13,14.1,3.3,15.6,10,551,Ha Nam,www.jad.com.vn,2002,VN0000JAD,"HNX listed,energy,Northern Vietnam"
JAG,JAG Joint Stock Company,Công ty Cổ phần JAG,HNX,Mining,Mining Business,SMALL,2223564181904,33,2015-06-01,253493560,28.3,FALSE,FALSE,FALSE,133677,0.96,23.8,3.4,18.1,385,2186,Hung Yen,www.jag.com.vn,2009,VN0000JAG,"HNX listed,mining,Northern Vietnam"
JAH,JAH Joint Stock Company,Công ty Cổ phần JAH,HNX,Manufacturing,Manufacturing Business,SMALL,880510404259,83,2023-08-19,66259516,55.3,FALSE,FALSE,FALSE,34273,1.23,22.5,2.7,20.7,329,169,Hanoi,www.jah.com.vn,1997,VN0000JAH,"HNX listed,manufacturing,Northern Vietnam"
JAN,JAN Joint Stock Company,Công ty Cổ phần JAN,HNX,Construction,Construction Business,SMALL,1286275849491,112,2013-12-06,91012166,32.1,FALSE,FALSE,FALSE,316696,1.21,19.7,2.3,12.8,167,1736,Hai Phong,www.jan.com.vn,1988,VN0000JAN,"HNX listed,construction,Northern Vietnam"
JAP,JAP Joint Stock Company,Công ty Cổ phần JAP,HNX,Agriculture,Agriculture Business,SMALL,2911503356233,41,2009-10-05,135111852,39.9,FALSE,FALSE,TRUE,114705,0.86,13.6,1.9,19.6,663,1859,Thai Nguyen,www.jap.com.vn,1999,VN0000JAP,"HNX listed,agriculture,Northern Vietnam"
JAR,JAR Joint Stock Company,Công ty Cổ phần JAR,HNX,Food Processing,Food Processing Business,SMALL,1264183207069,96,2023-03-24,202433482,61.8,FALSE,FALSE,FALSE,322659,0.65,11.1,3.4,15.7,338,2236,Bac Ninh,www.jar.com.vn,2012,VN0000JAR,"HNX listed,food processing,Northern Vietnam"
JAS,JAS Joint Stock Company,Công ty Cổ phần JAS,HNX,Textiles,Textiles Business,SMALL,2678323819495,96,2015-03-13,172214397,56.7,FALSE,FALSE,TRUE,197290,1.38,24.1,2.4,21.1,322,5458,Vinh Phuc,www.jas.com.vn,1996,VN0000JAS,"HNX listed,textiles,Northern Vietnam"
JAT,JAT Joint Stock Company,Công ty Cổ phần JAT,HNX,Materials,Materials Business,SMALL,1148421081969,101,2021-05-18,104396243,78.8,FALSE,FALSE,FALSE,40548,0.92,18.3,2.9,12.3,252,3602,Hai Duong,www.jat.com.vn,2004,VN0000JAT,"HNX listed,materials,Northern Vietnam"
JAV,JAV Joint Stock Company,Công ty Cổ phần JAV,HNX,Trading,Trading Business,SMALL,1314958377961,45,2023-01-09,60292065,73.1,FALSE,FALSE,FALSE,146454,0.92,15.0,1.0,18.8,674,5161,Quang Ninh,www.jav.com.vn,1996,VN0000JAV,"HNX listed,trading,Northern Vietnam"
JBD,JBD Joint Stock Company,Công ty Cổ phần JBD,HNX,Services,Services Business,SMALL,2011101434314,81,2023-03-22,33029723,45.2,FALSE,FALSE,TRUE,353292,0.92,20.0,3.2,17.0,125,2925,Nam Dinh,www.jbd.com.vn,2007,VN0000JBD,"HNX listed,services,Northern Vietnam"
KAD,KAD Joint Stock Company,Công ty Cổ phần KAD,HNX,Technology,Technology Business,SMALL,1753548587638,59,2021-12-01,39332201,34.6,FALSE,FALSE,FALSE,71239,1.41,23.0,0.9,20.8,175,6720,Thanh Hoa,www.kad.com.vn,2003,VN0000KAD,"HNX listed,technology,Northern Vietnam"
KAG,KAG Joint Stock Company,Công ty Cổ phần KAG,HNX,Healthcare,Healthcare Business,SMALL,2624652406161,22,2019-01-17,202087273,56.9,FALSE,FALSE,FALSE,240758,1.00,24.4,3.4,17.5,499,1018,Nghe An,www.kag.com.vn,2014,VN0000KAG,"HNX listed,healthcare,Northern Vietnam"
KAH,KAH Joint Stock Company,Công ty Cổ phần KAH,HNX,Energy,Energy Business,SMALL,1234064321391,95,2008-01-16,236104033,30.7,FALSE,FALSE,FALSE,56032,1.29,17.2,3.3,17.6,46,6896,Ha Nam,www.kah.com.vn,2022,VN0000KAH,"HNX listed,energy,Northern Vietnam"
KAN,KAN Joint Stock Company,Công ty Cổ phần KAN,HNX,Mining,Mining Business,SMALL,1330859932088,54,2014-04-26,94239298,58.6,FALSE,FALSE,FALSE,229679,1.56,22.5,1.2,13.8,604,3964,Hung Yen,www.kan.com.vn,2021,VN0000KAN,"HNX listed,mining,Northern Vietnam"
KAP,KAP Joint Stock Company,Công ty Cổ phần KAP,HNX,Manufacturing,Manufacturing Business,SMALL,1198702017904,115,2022-11-04,179186188,75.2,FALSE,FALSE,TRUE,298501,1.48,14.1,1.3,9.1,243,4881,Hanoi,www.kap.com.vn,2009,VN0000KAP,"HNX listed,manufacturing,Northern Vietnam"
KAR,KAR Joint Stock Company,Công ty Cổ phần KAR,HNX,Construction,Construction Business,SMALL,1945483360182,96,2019-05-27,270160978,74.0,FALSE,FALSE,FALSE,24800,1.19,23.7,3.4,21.7,592,1644,Hai Phong,www.kar.com.vn,1989,VN0000KAR,"HNX listed,construction,Northern Vietnam"
KAS,KAS Joint Stock Company,Công ty Cổ phần KAS,HNX,Agriculture,Agriculture Business,SMALL,2255120668682,64,2015-02-23,17217034,27.8,FALSE,FALSE,FALSE,239698,1.37,13.1,1.0,14.9,293,62,Thai Nguyen,www.kas.com.vn,1988,VN0000KAS,"HNX listed,agriculture,Northern Vietnam"
KAT,KAT Joint Stock Company,Công ty Cổ phần KAT,HNX,Food Processing,Food Processing Business,SMALL,1657228306661,25,2008-02-24,140364687,68.5,FALSE,FALSE,FALSE,322742,0.82,24.0,2.6,16.2,691,6615,Bac Ninh,www.kat.com.vn,2017,VN0000KAT,"HNX listed,food processing,Northern Vietnam"
KAV,KAV Joint Stock Company,Công ty Cổ phần KAV,HNX,Textiles,Textiles Business,SMALL,1344161138539,33,2019-05-16,255848403,45.6,FALSE,FALSE,TRUE,399477,1.18,20.5,1.8,19.7,345,1125,Vinh Phuc,www.kav.com.vn,2019,VN0000KAV,"HNX listed,textiles,Northern Vietnam"
KBD,KBD Joint Stock Company,Công ty Cổ phần KBD,HNX,Materials,Materials Business,SMALL,914884800744,93,2019-01-03,23246517,25.2,FALSE,FALSE,FALSE,234138,1.05,11.3,1.8,11.1,21,6540,Hai Duong,www.kbd.com.vn,2020,VN0000KBD,"HNX listed,materials,Northern Vietnam"
LAC,LAC Corporation,Công ty Cổ phần LAC,HNX,Manufacturing,Manufacturing Services,SMALL,749552026851,32,2010-07-03,90340431,54.6,FALSE,FALSE,FALSE,192449,0.97,12.0,1.4,6.6,277,1698,Hanoi,www.lac.com.vn,2007,VN00LAC0,"HNX listed,manufacturing,Small cap"
LAD,LAD Corporation,Công ty Cổ phần LAD,HNX,Construction,Construction Services,SMALL,1156309361311,68,2012-01-21,6702509,27.3,FALSE,FALSE,FALSE,103206,0.76,11.4,1.4,17.6,177,1405,Hai Phong,www.lad.com.vn,2001,VN00LAD0,"HNX listed,construction,Small cap"
LAG,LAG Corporation,Công ty Cổ phần LAG,HNX,Agriculture,Agriculture Services,SMALL,1270172603370,73,2015-04-19,63298595,41.6,FALSE,FALSE,FALSE,173191,0.94,10.4,1.1,14.1,127,505,Thai Nguyen,www.lag.com.vn,2002,VN00LAG0,"HNX listed,agriculture,Small cap"
LAM,LAM Corporation,Công ty Cổ phần LAM,HNX,Food Processing,Food Processing Services,SMALL,358994411317,13,2023-10-11,77257329,65.6,FALSE,FALSE,TRUE,132287,0.83,16.3,1.8,12.5,282,966,Bac Ninh,www.lam.com.vn,2002,VN00LAM0,"HNX listed,food processing,Small cap"
LAN,LAN Corporation,Công ty Cổ phần LAN,HNX,Textiles,Textiles Services,SMALL,1737548488294,37,2016-06-11,66824996,55.8,FALSE,FALSE,FALSE,183948,1.30,13.7,2.6,12.4,31,2456,Vinh Phuc,www.lan.com.vn,2004,VN00LAN0,"HNX listed,textiles,Small cap"
LAP,LAP Corporation,Công ty Cổ phần LAP,HNX,Materials,Materials Services,SMALL,1635913639084,21,2016-10-08,111505846,55.5,FALSE,FALSE,FALSE,122783,1.34,19.2,1.5,17.4,187,3830,Hai Duong,www.lap.com.vn,2023,VN00LAP0,"HNX listed,materials,Small cap"
LAS,LAS Corporation,Công ty Cổ phần LAS,HNX,Trading,Trading Services,SMALL,304277233654,72,2010-12-11,51954041,31.5,FALSE,FALSE,FALSE,102649,0.81,16.7,2.7,16.2,382,683,Quang Ninh,www.las.com.vn,2012,VN00LAS0,"HNX listed,trading,Small cap"
LAT,LAT Corporation,Công ty Cổ phần LAT,HNX,Services,Services Services,SMALL,331450063824,10,2015-11-28,43426228,42.6,FALSE,FALSE,TRUE,142315,1.38,17.1,1.2,14.2,283,2191,Nam Dinh,www.lat.com.vn,1999,VN00LAT0,"HNX listed,services,Small cap"
LAV,LAV Corporation,Công ty Cổ phần LAV,HNX,Technology,Technology Services,SMALL,970160179892,14,2019-02-18,77680741,40.9,FALSE,FALSE,FALSE,185506,1.00,13.4,1.6,8.4,153,2782,Thanh Hoa,www.lav.com.vn,2016,VN00LAV0,"HNX listed,technology,Small cap"
LAX,LAX Corporation,Công ty Cổ phần LAX,HNX,Healthcare,Healthcare Services,SMALL,497184032452,55,2014-06-14,69896855,80.0,FALSE,FALSE,FALSE,158659,0.90,15.0,2.3,7.4,340,2749,Nghe An,www.lax.com.vn,2012,VN00LAX0,"HNX listed,healthcare,Small cap"
LBC,LBC Corporation,Công ty Cổ phần LBC,HNX,Energy,Energy Services,SMALL,1881640056754,63,2016-04-06,116030356,62.7,FALSE,FALSE,TRUE,6970,0.89,12.2,1.5,7.2,295,3456,Ha Nam,www.lbc.com.vn,2010,VN00LBC0,"HNX listed,energy,Small cap"
LBD,LBD Corporation,Công ty Cổ phần LBD,HNX,Mining,Mining Services,SMALL,790451617205,44,2010-02-13,55691973,72.6,FALSE,FALSE,FALSE,138460,1.03,13.2,1.3,7.0,39,2939,Hung Yen,www.lbd.com.vn,2015,VN00LBD0,"HNX listed,mining,Small cap"
LBG,LBG Corporation,Công ty Cổ phần LBG,HNX,Manufacturing,Manufacturing Services,SMALL,1179578915332,41,2017-05-26,9796662,78.5,FALSE,FALSE,TRUE,15320,0.97,14.2,1.8,11.1,43,119,Hanoi,www.lbg.com.vn,2014,VN00LBG0,"HNX listed,manufacturing,Small cap"
LBM,LBM Corporation,Công ty Cổ phần LBM,HNX,Construction,Construction Services,SMALL,1437952843027,72,2017-07-18,124564917,49.5,FALSE,FALSE,FALSE,192702,1.14,13.0,2.2,14.0,385,3019,Hai Phong,www.lbm.com.vn,1997,VN00LBM0,"HNX listed,construction,Small cap"
LBN,LBN Corporation,Công ty Cổ phần LBN,HNX,Agriculture,Agriculture Services,SMALL,1512643298735,8,2012-11-24,136275500,52.1,FALSE,FALSE,FALSE,44678,1.18,11.5,2.3,12.1,51,2392,Thai Nguyen,www.lbn.com.vn,2005,VN00LBN0,"HNX listed,agriculture,Small cap"
LBP,LBP Corporation,Công ty Cổ phần LBP,HNX,Food Processing,Food Processing Services,SMALL,907647517530,42,2016-12-15,94695970,60.1,FALSE,FALSE,FALSE,44445,1.05,18.8,1.3,14.1,12,1011,Bac Ninh,www.lbp.com.vn,1997,VN00LBP0,"HNX listed,food processing,Small cap"
LBS,LBS Corporation,Công ty Cổ phần LBS,HNX,Textiles,Textiles Services,SMALL,1517879656489,59,2012-05-02,67692622,65.0,FALSE,FALSE,FALSE,150025,1.33,11.9,2.4,11.8,277,220,Vinh Phuc,www.lbs.com.vn,2003,VN00LBS0,"HNX listed,textiles,Small cap"
LBT,LBT Corporation,Công ty Cổ phần LBT,HNX,Materials,Materials Services,SMALL,1125236489698,11,2012-08-07,20077560,76.7,FALSE,FALSE,FALSE,199298,1.37,18.8,2.6,15.0,294,415,Hai Duong,www.lbt.com.vn,2010,VN00LBT0,"HNX listed,materials,Small cap"
LBV,LBV Corporation,Công ty Cổ phần LBV,HNX,Trading,Trading Services,SMALL,1172129390548,41,2017-12-08,50139858,59.2,FALSE,FALSE,FALSE,192240,1.03,18.6,1.6,14.2,70,2306,Quang Ninh,www.lbv.com.vn,2006,VN00LBV0,"HNX listed,trading,Small cap"
LBX,LBX Corporation,Công ty Cổ phần LBX,HNX,Services,Services Services,SMALL,1431191515954,79,2019-01-14,54742396,25.7,FALSE,FALSE,FALSE,119090,0.81,13.2,1.8,15.9,95,3364,Nam Dinh,www.lbx.com.vn,1999,VN00LBX0,"HNX listed,services,Small cap"
LCC,LCC Corporation,Công ty Cổ phần LCC,HNX,Technology,Technology Services,SMALL,1527288767337,58,2020-02-21,88262440,61.7,FALSE,FALSE,FALSE,141705,1.33,19.0,2.4,17.0,242,3046,Thanh Hoa,www.lcc.com.vn,2015,VN00LCC0,"HNX listed,technology,Small cap"
LCD,LCD Corporation,Công ty Cổ phần LCD,HNX,Healthcare,Healthcare Services,SMALL,335724595327,31,2018-09-18,15936382,62.4,FALSE,FALSE,FALSE,156758,0.76,18.5,1.1,12.4,220,3757,Nghe An,www.lcd.com.vn,1996,VN00LCD0,"HNX listed,healthcare,Small cap"
LCG,LCG Corporation,Công ty Cổ phần LCG,HNX,Energy,Energy Services,SMALL,1776399262647,68,2024-01-12,38001688,70.4,FALSE,FALSE,TRUE,10836,0.83,12.0,1.3,9.5,3,51,Ha Nam,www.lcg.com.vn,1998,VN00LCG0,"HNX listed,energy,Small cap"
LCM,LCM Corporation,Công ty Cổ phần LCM,HNX,Mining,Mining Services,SMALL,770745431292,78,2019-07-05,128232839,34.7,FALSE,FALSE,FALSE,125389,0.82,10.2,1.3,7.9,268,112,Hung Yen,www.lcm.com.vn,1996,VN00LCM0,"HNX listed,mining,Small cap"
LCN,LCN Corporation,Công ty Cổ phần LCN,HNX,Manufacturing,Manufacturing Services,SMALL,1390500385898,53,2020-07-17,79775222,23.7,FALSE,FALSE,FALSE,6288,1.25,18.8,2.3,9.6,50,299,Hanoi,www.lcn.com.vn,2001,VN00LCN0,"HNX listed,manufacturing,Small cap"
LCP,LCP Corporation,Công ty Cổ phần LCP,HNX,Construction,Construction Services,SMALL,772086802025,16,2015-08-02,91694058,79.9,FALSE,FALSE,FALSE,149112,1.21,11.0,1.7,14.0,371,1386,Hai Phong,www.lcp.com.vn,2011,VN00LCP0,"HNX listed,construction,Small cap"
LCS,LCS Corporation,Công ty Cổ phần LCS,HNX,Agriculture,Agriculture Services,SMALL,794618751951,21,2015-10-17,133871293,27.9,FALSE,FALSE,FALSE,72399,1.11,16.3,2.1,12.6,391,954,Thai Nguyen,www.lcs.com.vn,2008,VN00LCS0,"HNX listed,agriculture,Small cap"
LCT,LCT Corporation,Công ty Cổ phần LCT,HNX,Food Processing,Food Processing Services,SMALL,924435865194,69,2019-02-01,82313586,76.9,FALSE,FALSE,FALSE,44786,1.03,18.0,2.7,6.6,252,2787,Bac Ninh,www.lct.com.vn,1997,VN00LCT0,"HNX listed,food processing,Small cap"
LCV,LCV Corporation,Công ty Cổ phần LCV,HNX,Textiles,Textiles Services,SMALL,1324247610126,20,2015-01-09,127686361,43.2,FALSE,FALSE,FALSE,17518,1.20,13.4,1.3,12.4,177,2666,Vinh Phuc,www.lcv.com.vn,2022,VN00LCV0,"HNX listed,textiles,Small cap"
LCX,LCX Corporation,Công ty Cổ phần LCX,HNX,Materials,Materials Services,SMALL,507012381056,27,2017-08-25,95313032,36.6,FALSE,FALSE,FALSE,120373,0.86,12.7,1.8,9.0,57,25,Hai Duong,www.lcx.com.vn,1995,VN00LCX0,"HNX listed,materials,Small cap"
LDC,LDC Corporation,Công ty Cổ phần LDC,HNX,Trading,Trading Services,SMALL,1282865291022,24,2022-01-16,139152763,36.1,FALSE,FALSE,FALSE,127373,1.03,19.0,1.6,17.5,191,3491,Quang Ninh,www.ldc.com.vn,2007,VN00LDC0,"HNX listed,trading,Small cap"
LDD,LDD Corporation,Công ty Cổ phần LDD,HNX,Services,Services Services,SMALL,1576943457145,31,2012-02-09,48766672,22.0,FALSE,FALSE,FALSE,186234,1.33,19.1,2.6,10.1,213,1287,Nam Dinh,www.ldd.com.vn,2017,VN00LDD0,"HNX listed,services,Small cap"
LDG,LDG Corporation,Công ty Cổ phần LDG,HNX,Technology,Technology Services,SMALL,1856758113042,21,2024-04-23,37600675,59.2,FALSE,FALSE,FALSE,94952,0.80,16.3,1.8,14.3,42,2628,Thanh Hoa,www.ldg.com.vn,2017,VN00LDG0,"HNX listed,technology,Small cap"
LDM,LDM Corporation,Công ty Cổ phần LDM,HNX,Healthcare,Healthcare Services,SMALL,1665770615531,62,2020-10-20,104831051,79.8,FALSE,FALSE,FALSE,58335,0.81,14.8,2.2,16.4,261,131,Nghe An,www.ldm.com.vn,1999,VN00LDM0,"HNX listed,healthcare,Small cap"
LDN,LDN Corporation,Công ty Cổ phần LDN,HNX,Energy,Energy Services,SMALL,1969642202675,72,2013-10-06,61195011,47.4,FALSE,FALSE,TRUE,58829,0.83,18.6,2.6,13.8,263,3757,Ha Nam,www.ldn.com.vn,2007,VN00LDN0,"HNX listed,energy,Small cap"
LDP,LDP Corporation,Công ty Cổ phần LDP,HNX,Mining,Mining Services,SMALL,533070376073,61,2020-11-13,146645855,30.6,FALSE,FALSE,FALSE,99504,1.03,16.1,2.1,17.0,52,2752,Hung Yen,www.ldp.com.vn,2017,VN00LDP0,"HNX listed,mining,Small cap"
LDS,LDS Corporation,Công ty Cổ phần LDS,HNX,Manufacturing,Manufacturing Services,SMALL,1845915940410,9,2010-11-17,119519334,36.3,FALSE,FALSE,FALSE,96251,0.81,14.3,1.9,8.9,35,1830,Hanoi,www.lds.com.vn,2001,VN00LDS0,"HNX listed,manufacturing,Small cap"
LDT,LDT Corporation,Công ty Cổ phần LDT,HNX,Construction,Construction Services,SMALL,1838943457352,68,2018-06-01,100071668,49.9,FALSE,FALSE,FALSE,157046,0.94,12.0,2.3,13.1,81,2579,Hai Phong,www.ldt.com.vn,2004,VN00LDT0,"HNX listed,construction,Small cap"
LDV,LDV Corporation,Công ty Cổ phần LDV,HNX,Agriculture,Agriculture Services,SMALL,1501961842502,64,2016-08-25,57551403,52.2,FALSE,FALSE,FALSE,188451,1.34,17.3,1.5,7.6,309,3757,Thai Nguyen,www.ldv.com.vn,2013,VN00LDV0,"HNX listed,agriculture,Small cap"
LDX,LDX Corporation,Công ty Cổ phần LDX,HNX,Food Processing,Food Processing Services,SMALL,1038044697517,31,2024-10-25,114196072,58.3,FALSE,FALSE,FALSE,169810,1.31,13.9,1.1,12.5,114,2227,Bac Ninh,www.ldx.com.vn,2008,VN00LDX0,"HNX listed,food processing,Small cap"
LEC,LEC Corporation,Công ty Cổ phần LEC,HNX,Textiles,Textiles Services,SMALL,559419366213,24,2017-06-13,42130962,32.9,FALSE,FALSE,TRUE,103714,0.76,13.0,2.1,12.3,313,2798,Vinh Phuc,www.lec.com.vn,2023,VN00LEC0,"HNX listed,textiles,Small cap"
LED,LED Corporation,Công ty Cổ phần LED,HNX,Materials,Materials Services,SMALL,790902704531,59,2022-08-09,86477289,33.2,FALSE,FALSE,FALSE,31979,1.26,14.4,2.0,15.1,335,3298,Hai Duong,www.led.com.vn,2014,VN00LED0,"HNX listed,materials,Small cap"
LEG,LEG Corporation,Công ty Cổ phần LEG,HNX,Trading,Trading Services,SMALL,773602553514,15,2011-10-16,21258241,23.2,FALSE,FALSE,TRUE,122488,1.17,11.1,1.1,12.3,277,1368,Quang Ninh,www.leg.com.vn,2020,VN00LEG0,"HNX listed,trading,Small cap"
LEM,LEM Corporation,Công ty Cổ phần LEM,HNX,Services,Services Services,SMALL,1268958702542,58,2023-12-20,12759979,77.7,FALSE,FALSE,FALSE,24178,1.30,11.9,2.3,6.0,170,2421,Nam Dinh,www.lem.com.vn,2018,VN00LEM0,"HNX listed,services,Small cap"
LEN,LEN Corporation,Công ty Cổ phần LEN,HNX,Technology,Technology Services,SMALL,214466519792,28,2012-03-10,118002862,55.2,FALSE,FALSE,FALSE,55319,1.26,11.0,2.5,14.9,246,1957,Thanh Hoa,www.len.com.vn,2003,VN00LEN0,"HNX listed,technology,Small cap"
LEP,LEP Corporation,Công ty Cổ phần LEP,HNX,Healthcare,Healthcare Services,SMALL,1753849434558,38,2024-07-15,85114057,41.9,FALSE,FALSE,FALSE,184511,0.71,14.9,1.2,12.0,188,1486,Nghe An,www.lep.com.vn,2005,VN00LEP0,"HNX listed,healthcare,Small cap"
LES,LES Corporation,Công ty Cổ phần LES,HNX,Energy,Energy Services,SMALL,933438181629,76,2015-12-19,113434533,59.3,FALSE,FALSE,FALSE,48277,0.71,13.3,2.3,7.5,113,1424,Ha Nam,www.les.com.vn,2015,VN00LES0,"HNX listed,energy,Small cap"
LET,LET Corporation,Công ty Cổ phần LET,HNX,Mining,Mining Services,SMALL,1393942448343,75,2020-08-02,27085921,22.9,FALSE,FALSE,TRUE,139367,0.77,19.2,2.5,17.0,43,3293,Hung Yen,www.let.com.vn,2008,VN00LET0,"HNX listed,mining,Small cap"
LEV,LEV Corporation,Công ty Cổ phần LEV,HNX,Manufacturing,Manufacturing Services,SMALL,1630673980545,64,2012-09-09,88027419,36.4,FALSE,FALSE,FALSE,122033,0.77,14.8,2.2,7.1,360,3636,Hanoi,www.lev.com.vn,1999,VN00LEV0,"HNX listed,manufacturing,Small cap"
LEX,LEX Corporation,Công ty Cổ phần LEX,HNX,Construction,Construction Services,SMALL,924943380597,77,2021-06-23,10951931,61.5,FALSE,FALSE,FALSE,25972,0.88,13.3,2.0,15.6,53,3959,Hai Phong,www.lex.com.vn,2021,VN00LEX0,"HNX listed,construction,Small cap"
LFC,LFC Corporation,Công ty Cổ phần LFC,HNX,Agriculture,Agriculture Services,SMALL,1763062571550,59,2016-11-15,88351899,60.1,FALSE,FALSE,FALSE,170800,0.78,19.3,1.9,11.9,379,3648,Thai Nguyen,www.lfc.com.vn,2000,VN00LFC0,"HNX listed,agriculture,Small cap"
LFD,LFD Corporation,Công ty Cổ phần LFD,HNX,Food Processing,Food Processing Services,SMALL,1888856761630,35,2021-02-06,102245238,27.5,FALSE,FALSE,FALSE,154697,1.38,19.4,1.5,16.5,394,867,Bac Ninh,www.lfd.com.vn,2023,VN00LFD0,"HNX listed,food processing,Small cap"
LFG,LFG Corporation,Công ty Cổ phần LFG,HNX,Textiles,Textiles Services,SMALL,1096174009484,56,2021-01-04,88563811,23.9,FALSE,FALSE,FALSE,146164,1.04,13.3,2.3,6.1,27,3639,Vinh Phuc,www.lfg.com.vn,2022,VN00LFG0,"HNX listed,textiles,Small cap"
LFM,LFM Corporation,Công ty Cổ phần LFM,HNX,Materials,Materials Services,SMALL,643494806037,75,2017-05-09,66097214,25.9,FALSE,FALSE,FALSE,163393,0.89,10.7,1.3,11.7,267,3292,Hai Duong,www.lfm.com.vn,2011,VN00LFM0,"HNX listed,materials,Small cap"
LFN,LFN Corporation,Công ty Cổ phần LFN,HNX,Trading,Trading Services,SMALL,1776169570752,58,2013-02-01,120263811,63.1,FALSE,FALSE,TRUE,159264,0.99,14.9,2.8,13.1,193,1594,Quang Ninh,www.lfn.com.vn,2008,VN00LFN0,"HNX listed,trading,Small cap"
LFP,LFP Corporation,Công ty Cổ phần LFP,HNX,Services,Services Services,SMALL,1386736251830,43,2019-12-26,45723998,39.5,FALSE,FALSE,TRUE,162547,1.07,13.3,2.5,13.0,74,474,Nam Dinh,www.lfp.com.vn,2003,VN00LFP0,"HNX listed,services,Small cap"
LFS,LFS Corporation,Công ty Cổ phần LFS,HNX,Technology,Technology Services,SMALL,914978779282,40,2018-03-09,49032548,76.0,FALSE,FALSE,FALSE,116784,0.88,10.9,1.8,12.9,299,318,Thanh Hoa,www.lfs.com.vn,2022,VN00LFS0,"HNX listed,technology,Small cap"
LFT,LFT Corporation,Công ty Cổ phần LFT,HNX,Healthcare,Healthcare Services,SMALL,1083457164145,67,2015-02-09,34013005,63.7,FALSE,FALSE,FALSE,109053,0.82,12.5,1.5,15.1,123,1229,Nghe An,www.lft.com.vn,1995,VN00LFT0,"HNX listed,healthcare,Small cap"
LFV,LFV Corporation,Công ty Cổ phần LFV,HNX,Energy,Energy Services,SMALL,1267374250747,39,2023-04-18,113405281,67.4,FALSE,FALSE,FALSE,121093,1.04,17.0,1.3,17.0,352,1708,Ha Nam,www.lfv.com.vn,2015,VN00LFV0,"HNX listed,energy,Small cap"
LFX,LFX Corporation,Công ty Cổ phần LFX,HNX,Mining,Mining Services,SMALL,526080065702,22,2014-12-07,141401418,52.2,FALSE,FALSE,FALSE,158830,1.09,16.6,1.6,8.9,39,1323,Hung Yen,www.lfx.com.vn,2011,VN00LFX0,"HNX listed,mining,Small cap"
LGC,LGC Corporation,Công ty Cổ phần LGC,HNX,Manufacturing,Manufacturing Services,SMALL,1628273232875,38,2020-10-14,67239533,39.3,FALSE,FALSE,FALSE,6249,0.75,11.1,2.2,12.2,151,3356,Hanoi,www.lgc.com.vn,2020,VN00LGC0,"HNX listed,manufacturing,Small cap"
LGD,LGD Corporation,Công ty Cổ phần LGD,HNX,Construction,Construction Services,SMALL,1992875233676,18,2013-01-16,85256427,53.0,FALSE,FALSE,FALSE,5988,1.29,10.3,2.2,6.5,8,1807,Hai Phong,www.lgd.com.vn,2012,VN00LGD0,"HNX listed,construction,Small cap"
LGG,LGG Corporation,Công ty Cổ phần LGG,HNX,Agriculture,Agriculture Services,SMALL,1206413925701,8,2018-11-28,147449274,65.5,FALSE,FALSE,FALSE,150119,0.89,16.5,1.9,10.6,332,3932,Thai Nguyen,www.lgg.com.vn,2013,VN00LGG0,"HNX listed,agriculture,Small cap"
LGM,LGM Corporation,Công ty Cổ phần LGM,HNX,Food Processing,Food Processing Services,SMALL,842044151119,76,2022-09-24,61501608,51.9,FALSE,FALSE,FALSE,33410,1.06,18.8,2.4,17.1,40,1605,Bac Ninh,www.lgm.com.vn,2010,VN00LGM0,"HNX listed,food processing,Small cap"
LGN,LGN Corporation,Công ty Cổ phần LGN,HNX,Textiles,Textiles Services,SMALL,906149457271,76,2020-03-11,48620087,28.8,FALSE,FALSE,FALSE,188439,0.85,16.7,1.2,11.8,102,70,Vinh Phuc,www.lgn.com.vn,2013,VN00LGN0,"HNX listed,textiles,Small cap"
LGP,LGP Corporation,Công ty Cổ phần LGP,HNX,Materials,Materials Services,SMALL,541326416544,74,2014-08-11,8470293,61.3,FALSE,FALSE,FALSE,14462,1.06,19.0,2.7,14.5,47,3036,Hai Duong,www.lgp.com.vn,2008,VN00LGP0,"HNX listed,materials,Small cap"
LGS,LGS Corporation,Công ty Cổ phần LGS,HNX,Trading,Trading Services,SMALL,1309592373103,59,2011-05-04,94414378,74.3,FALSE,FALSE,FALSE,113278,0.80,18.7,1.8,11.4,74,2500,Quang Ninh,www.lgs.com.vn,2003,VN00LGS0,"HNX listed,trading,Small cap"
LGT,LGT Corporation,Công ty Cổ phần LGT,HNX,Services,Services Services,SMALL,1051236079088,67,2021-05-09,79761881,68.4,FALSE,FALSE,FALSE,75470,1.22,17.8,2.0,12.8,78,1449,Nam Dinh,www.lgt.com.vn,2022,VN00LGT0,"HNX listed,services,Small cap"
LGV,LGV Corporation,Công ty Cổ phần LGV,HNX,Technology,Technology Services,SMALL,798067520758,12,2019-11-15,38763540,76.3,FALSE,FALSE,TRUE,89291,1.38,19.7,2.7,14.1,354,1750,Thanh Hoa,www.lgv.com.vn,2008,VN00LGV0,"HNX listed,technology,Small cap"
LGX,LGX Corporation,Công ty Cổ phần LGX,HNX,Healthcare,Healthcare Services,SMALL,1771548356998,34,2013-07-25,142479384,49.3,FALSE,FALSE,FALSE,94834,1.10,14.2,1.5,8.3,27,2341,Nghe An,www.lgx.com.vn,2013,VN00LGX0,"HNX listed,healthcare,Small cap"
LHC,LHC Corporation,Công ty Cổ phần LHC,HNX,Energy,Energy Services,SMALL,1374491253449,14,2015-01-14,141838468,38.3,FALSE,FALSE,FALSE,44545,0.79,10.9,2.2,13.8,186,1943,Ha Nam,www.lhc.com.vn,2022,VN00LHC0,"HNX listed,energy,Small cap"
LHD,LHD Corporation,Công ty Cổ phần LHD,HNX,Mining,Mining Services,SMALL,854502545457,28,2019-02-12,127699291,26.8,FALSE,FALSE,FALSE,117506,1.23,14.6,2.4,9.1,131,2163,Hung Yen,www.lhd.com.vn,2019,VN00LHD0,"HNX listed,mining,Small cap"
LHG,LHG Corporation,Công ty Cổ phần LHG,HNX,Manufacturing,Manufacturing Services,SMALL,1870418943512,24,2017-06-16,35014062,46.7,FALSE,FALSE,FALSE,86020,0.91,15.5,1.3,13.6,130,541,Hanoi,www.lhg.com.vn,2016,VN00LHG0,"HNX listed,manufacturing,Small cap"
LHM,LHM Corporation,Công ty Cổ phần LHM,HNX,Construction,Construction Services,SMALL,1532019718054,59,2022-07-16,39986459,50.5,FALSE,FALSE,FALSE,26585,1.07,18.2,1.2,7.0,307,730,Hai Phong,www.lhm.com.vn,2021,VN00LHM0,"HNX listed,construction,Small cap"
LHN,LHN Corporation,Công ty Cổ phần LHN,HNX,Agriculture,Agriculture Services,SMALL,1437330633604,15,2014-12-25,30875397,55.2,FALSE,FALSE,FALSE,178440,0.97,11.5,2.1,16.8,284,159,Thai Nguyen,www.lhn.com.vn,2013,VN00LHN0,"HNX listed,agriculture,Small cap"
LHP,LHP Corporation,Công ty Cổ phần LHP,HNX,Food Processing,Food Processing Services,SMALL,255222330055,69,2016-08-20,13560338,35.3,FALSE,FALSE,FALSE,38826,0.78,12.3,1.3,15.6,333,2390,Bac Ninh,www.lhp.com.vn,2008,VN00LHP0,"HNX listed,food processing,Small cap"
LHS,LHS Corporation,Công ty Cổ phần LHS,HNX,Textiles,Textiles Services,SMALL,1521585298189,80,2017-10-26,45891236,57.2,FALSE,FALSE,FALSE,86590,1.30,17.6,1.7,16.0,228,3417,Vinh Phuc,www.lhs.com.vn,1998,VN00LHS0,"HNX listed,textiles,Small cap"
LHT,LHT Corporation,Công ty Cổ phần LHT,HNX,Materials,Materials Services,SMALL,787639503131,10,2024-11-20,15693802,67.7,FALSE,FALSE,FALSE,161971,0.95,14.8,1.8,8.8,64,2647,Hai Duong,www.lht.com.vn,2008,VN00LHT0,"HNX listed,materials,Small cap"
LHV,LHV Corporation,Công ty Cổ phần LHV,HNX,Trading,Trading Services,SMALL,1567695867352,14,2017-05-12,27128745,64.4,FALSE,FALSE,FALSE,188827,1.06,18.0,2.4,10.8,364,2749,Quang Ninh,www.lhv.com.vn,2018,VN00LHV0,"HNX listed,trading,Small cap"
LHX,LHX Corporation,Công ty Cổ phần LHX,HNX,Services,Services Services,SMALL,1917132221978,17,2012-10-06,130403632,49.5,FALSE,FALSE,FALSE,142353,0.86,17.2,2.6,16.4,323,744,Nam Dinh,www.lhx.com.vn,2015,VN00LHX0,"HNX listed,services,Small cap"
LIC,LIC Corporation,Công ty Cổ phần LIC,HNX,Technology,Technology Services,SMALL,374014298792,71,2013-10-09,16598204,57.6,FALSE,FALSE,FALSE,12327,1.21,16.3,2.0,8.8,301,3801,Thanh Hoa,www.lic.com.vn,1999,VN00LIC0,"HNX listed,technology,Small cap"
LID,LID Corporation,Công ty Cổ phần LID,HNX,Healthcare,Healthcare Services,SMALL,558377848011,22,2019-11-22,3917501,34.9,FALSE,FALSE,FALSE,160915,1.38,18.2,2.1,11.5,341,3190,Nghe An,www.lid.com.vn,1997,VN00LID0,"HNX listed,healthcare,Small cap"
LIG,LIG Corporation,Công ty Cổ phần LIG,HNX,Energy,Energy Services,SMALL,1227543969061,27,2013-06-05,101418865,28.8,FALSE,FALSE,FALSE,147924,0.87,18.2,1.6,15.0,11,51,Ha Nam,www.lig.com.vn,2003,VN00LIG0,"HNX listed,energy,Small cap"
LIM,LIM Corporation,Công ty Cổ phần LIM,HNX,Mining,Mining Services,SMALL,702700060002,47,2019-06-16,50009711,61.2,FALSE,FALSE,FALSE,147839,1.36,14.1,2.6,17.2,322,1228,Hung Yen,www.lim.com.vn,2009,VN00LIM0,"HNX listed,mining,Small cap"
LIN,LIN Corporation,Công ty Cổ phần LIN,HNX,Manufacturing,Manufacturing Services,SMALL,1857119066323,67,2023-10-17,77280916,31.1,FALSE,FALSE,FALSE,152615,0.86,10.2,2.3,17.7,322,557,Hanoi,www.lin.com.vn,2020,VN00LIN0,"HNX listed,manufacturing,Small cap"
LIP,LIP Corporation,Công ty Cổ phần LIP,HNX,Construction,Construction Services,SMALL,1728404527173,66,2020-01-20,111798730,46.8,FALSE,FALSE,FALSE,5057,0.72,19.5,1.3,7.1,231,437,Hai Phong,www.lip.com.vn,2015,VN00LIP0,"HNX listed,construction,Small cap"
LIS,LIS Corporation,Công ty Cổ phần LIS,HNX,Agriculture,Agriculture Services,SMALL,1050470317140,39,2010-10-18,26881019,48.6,FALSE,FALSE,FALSE,102073,1.22,17.6,1.8,9.3,223,2388,Thai Nguyen,www.lis.com.vn,2009,VN00LIS0,"HNX listed,agriculture,Small cap"
LIT,LIT Corporation,Công ty Cổ phần LIT,HNX,Food Processing,Food Processing Services,SMALL,1316068979616,29,2022-06-24,113968477,21.3,FALSE,FALSE,TRUE,67475,1.20,16.4,2.1,17.8,240,3047,Bac Ninh,www.lit.com.vn,2019,VN00LIT0,"HNX listed,food processing,Small cap"
LIV,LIV Corporation,Công ty Cổ phần LIV,HNX,Textiles,Textiles Services,SMALL,1358845553728,80,2022-05-20,105310474,36.8,FALSE,FALSE,FALSE,139278,1.32,18.2,1.7,18.0,144,3544,Vinh Phuc,www.liv.com.vn,2018,VN00LIV0,"HNX listed,textiles,Small cap"
LIX,LIX Corporation,Công ty Cổ phần LIX,HNX,Materials,Materials Services,SMALL,1621139393969,9,2017-03-06,102596352,20.2,FALSE,FALSE,FALSE,91775,0.84,11.2,2.8,12.5,16,1045,Hai Duong,www.lix.com.vn,2022,VN00LIX0,"HNX listed,materials,Small cap"
LJC,LJC Corporation,Công ty Cổ phần LJC,HNX,Trading,Trading Services,SMALL,260525779944,41,2014-07-22,97202202,49.0,FALSE,FALSE,FALSE,179439,1.16,14.8,1.4,6.0,144,1312,Quang Ninh,www.ljc.com.vn,2005,VN00LJC0,"HNX listed,trading,Small cap"
LJD,LJD Corporation,Công ty Cổ phần LJD,HNX,Services,Services Services,SMALL,254402227220,54,2021-11-10,26013023,53.6,FALSE,FALSE,FALSE,147218,0.94,15.1,2.8,9.3,104,192,Nam Dinh,www.ljd.com.vn,2007,VN00LJD0,"HNX listed,services,Small cap"
LJG,LJG Corporation,Công ty Cổ phần LJG,HNX,Technology,Technology Services,SMALL,867565123154,63,2011-08-10,24834057,35.5,FALSE,FALSE,FALSE,166362,1.31,14.7,1.1,14.5,386,2651,Thanh Hoa,www.ljg.com.vn,2001,VN00LJG0,"HNX listed,technology,Small cap"
LJM,LJM Corporation,Công ty Cổ phần LJM,HNX,Healthcare,Healthcare Services,SMALL,914389439028,51,2011-01-07,20838411,79.4,FALSE,FALSE,TRUE,122919,1.08,19.0,1.6,10.7,387,1280,Nghe An,www.ljm.com.vn,2012,VN00LJM0,"HNX listed,healthcare,Small cap"
LJN,LJN Corporation,Công ty Cổ phần LJN,HNX,Energy,Energy Services,SMALL,1499430601695,73,2018-09-17,48155433,57.0,FALSE,FALSE,FALSE,144640,1.10,13.7,2.4,7.7,201,1602,Ha Nam,www.ljn.com.vn,2017,VN00LJN0,"HNX listed,energy,Small cap"
LJP,LJP Corporation,Công ty Cổ phần LJP,HNX,Mining,Mining Services,SMALL,1707250064434,58,2011-01-07,113919481,28.7,FALSE,FALSE,TRUE,99579,0.74,13.9,1.9,12.5,288,1130,Hung Yen,www.ljp.com.vn,2002,VN00LJP0,"HNX listed,mining,Small cap"
LJS,LJS Corporation,Công ty Cổ phần LJS,HNX,Manufacturing,Manufacturing Services,SMALL,1794411011048,36,2016-05-15,96172401,75.0,FALSE,FALSE,FALSE,112521,0.81,11.2,2.6,8.8,46,3172,Hanoi,www.ljs.com.vn,2010,VN00LJS0,"HNX listed,manufacturing,Small cap"
LJT,LJT Corporation,Công ty Cổ phần LJT,HNX,Construction,Construction Services,SMALL,1548918499695,33,2024-08-14,135195083,76.8,FALSE,FALSE,FALSE,103634,0.83,10.3,1.9,17.5,231,3466,Hai Phong,www.ljt.com.vn,2015,VN00LJT0,"HNX listed,construction,Small cap"
LJV,LJV Corporation,Công ty Cổ phần LJV,HNX,Agriculture,Agriculture Services,SMALL,729511023177,40,2016-05-21,22669704,56.0,FALSE,FALSE,FALSE,197086,1.16,11.3,2.7,13.5,273,3421,Thai Nguyen,www.ljv.com.vn,2015,VN00LJV0,"HNX listed,agriculture,Small cap"
LJX,LJX Corporation,Công ty Cổ phần LJX,HNX,Food Processing,Food Processing Services,SMALL,935275469493,44,2010-09-06,114204503,72.9,FALSE,FALSE,FALSE,143009,0.78,14.0,1.6,12.1,263,2996,Bac Ninh,www.ljx.com.vn,2000,VN00LJX0,"HNX listed,food processing,Small cap"
MAC,MAC Corporation,Công ty Cổ phần MAC,HNX,Textiles,Textiles Services,SMALL,1884336791659,67,2024-05-27,60940048,78.3,FALSE,FALSE,FALSE,187372,1.23,19.1,1.8,14.8,300,3113,Vinh Phuc,www.mac.com.vn,2003,VN00MAC0,"HNX listed,textiles,Small cap"
MAD,MAD Corporation,Công ty Cổ phần MAD,HNX,Materials,Materials Services,SMALL,1842542227243,73,2023-12-20,96260785,35.4,FALSE,FALSE,FALSE,15187,0.93,19.3,1.7,14.4,140,3758,Hai Duong,www.mad.com.vn,1996,VN00MAD0,"HNX listed,materials,Small cap"
MAG,MAG Corporation,Công ty Cổ phần MAG,HNX,Trading,Trading Services,SMALL,1740611543764,34,2020-06-16,40081940,34.6,FALSE,FALSE,TRUE,143759,1.15,10.8,2.8,10.9,237,1643,Quang Ninh,www.mag.com.vn,1998,VN00MAG0,"HNX listed,trading,Small cap"
MAM,MAM Corporation,Công ty Cổ phần MAM,HNX,Services,Services Services,SMALL,1336503850660,63,2017-06-26,8256582,40.0,FALSE,FALSE,FALSE,86655,1.25,16.4,1.2,14.2,331,531,Nam Dinh,www.mam.com.vn,1999,VN00MAM0,"HNX listed,services,Small cap"
MAN,MAN Corporation,Công ty Cổ phần MAN,HNX,Technology,Technology Services,SMALL,982683139677,15,2016-11-14,19397722,69.8,FALSE,FALSE,TRUE,10550,1.31,19.0,2.5,15.8,83,2766,Thanh Hoa,www.man.com.vn,1997,VN00MAN0,"HNX listed,technology,Small cap"
MAP,MAP Corporation,Công ty Cổ phần MAP,HNX,Healthcare,Healthcare Services,SMALL,674719722320,11,2017-02-08,8060892,49.5,FALSE,FALSE,FALSE,70890,1.04,16.5,2.4,14.0,158,3336,Nghe An,www.map.com.vn,2013,VN00MAP0,"HNX listed,healthcare,Small cap"
MAS,MAS Corporation,Công ty Cổ phần MAS,HNX,Energy,Energy Services,SMALL,847909854713,14,2018-03-01,136344427,40.9,FALSE,FALSE,FALSE,60423,0.86,14.8,2.7,10.3,275,3419,Ha Nam,www.mas.com.vn,2009,VN00MAS0,"HNX listed,energy,Small cap"
MAT,MAT Corporation,Công ty Cổ phần MAT,HNX,Mining,Mining Services,SMALL,778890111705,67,2010-04-19,16008539,77.3,FALSE,FALSE,FALSE,16649,1.01,11.2,1.9,14.4,162,2945,Hung Yen,www.mat.com.vn,2008,VN00MAT0,"HNX listed,mining,Small cap"
MAV,MAV Corporation,Công ty Cổ phần MAV,HNX,Manufacturing,Manufacturing Services,SMALL,1435053898869,12,2019-09-19,41839720,68.1,FALSE,FALSE,TRUE,135431,0.97,11.1,2.0,10.2,311,549,Hanoi,www.mav.com.vn,2002,VN00MAV0,"HNX listed,manufacturing,Small cap"
MAX,MAX Corporation,Công ty Cổ phần MAX,HNX,Construction,Construction Services,SMALL,1685945598981,16,2012-02-11,147284952,42.5,FALSE,FALSE,TRUE,114568,0.73,11.5,1.9,7.6,223,2537,Hai Phong,www.max.com.vn,2000,VN00MAX0,"HNX listed,construction,Small cap"
MBC,MBC Corporation,Công ty Cổ phần MBC,HNX,Agriculture,Agriculture Services,SMALL,936205773335,65,2016-10-26,133532459,47.5,FALSE,FALSE,FALSE,11362,1.18,15.7,2.5,8.0,142,3781,Thai Nguyen,www.mbc.com.vn,2004,VN00MBC0,"HNX listed,agriculture,Small cap"
MBD,MBD Corporation,Công ty Cổ phần MBD,HNX,Food Processing,Food Processing Services,SMALL,1429831103418,19,2020-04-12,33162009,69.1,FALSE,FALSE,FALSE,73758,0.80,18.6,1.2,11.9,377,3926,Bac Ninh,www.mbd.com.vn,2016,VN00MBD0,"HNX listed,food processing,Small cap"
MBG,MBG Corporation,Công ty Cổ phần MBG,HNX,Textiles,Textiles Services,SMALL,1649585391371,47,2010-03-15,34390499,43.1,FALSE,FALSE,FALSE,126520,0.93,10.1,2.7,9.1,321,3183,Vinh Phuc,www.mbg.com.vn,2006,VN00MBG0,"HNX listed,textiles,Small cap"
MBM,MBM Corporation,Công ty Cổ phần MBM,HNX,Materials,Materials Services,SMALL,766950835737,72,2012-02-14,33076114,23.9,FALSE,FALSE,FALSE,167783,1.20,15.2,2.8,13.9,7,3348,Hai Duong,www.mbm.com.vn,2005,VN00MBM0,"HNX listed,materials,Small cap"
MBN,MBN Corporation,Công ty Cổ phần MBN,HNX,Trading,Trading Services,SMALL,843137537500,49,2020-03-25,47052295,42.0,FALSE,FALSE,TRUE,145790,0.89,19.4,2.0,8.0,364,2766,Quang Ninh,www.mbn.com.vn,2023,VN00MBN0,"HNX listed,trading,Small cap"
MBP,MBP Corporation,Công ty Cổ phần MBP,HNX,Services,Services Services,SMALL,1707835670687,34,2015-11-18,21564890,35.2,FALSE,FALSE,FALSE,96994,1.12,13.3,2.0,11.0,314,1806,Nam Dinh,www.mbp.com.vn,2013,VN00MBP0,"HNX listed,services,Small cap"
MBS,MBS Corporation,Công ty Cổ phần MBS,HNX,Technology,Technology Services,SMALL,1867157280137,56,2024-11-26,73375923,40.1,FALSE,FALSE,FALSE,150601,0.79,17.2,1.8,7.4,69,1779,Thanh Hoa,www.mbs.com.vn,2001,VN00MBS0,"HNX listed,technology,Small cap"
MBT,MBT Corporation,Công ty Cổ phần MBT,HNX,Healthcare,Healthcare Services,SMALL,848433803739,44,2024-02-22,144175488,41.7,FALSE,FALSE,FALSE,155432,1.31,16.6,1.3,12.7,30,2808,Nghe An,www.mbt.com.vn,2006,VN00MBT0,"HNX listed,healthcare,Small cap"
MBV,MBV Corporation,Công ty Cổ phần MBV,HNX,Energy,Energy Services,SMALL,426933671800,59,2014-12-28,64707480,46.3,FALSE,FALSE,FALSE,63058,0.72,18.1,1.1,8.9,184,1586,Ha Nam,www.mbv.com.vn,1995,VN00MBV0,"HNX listed,energy,Small cap"
MBX,MBX Corporation,Công ty Cổ phần MBX,HNX,Mining,Mining Services,SMALL,677672922593,79,2022-01-02,70859434,69.4,FALSE,FALSE,FALSE,59945,1.25,13.0,1.6,10.0,320,2180,Hung Yen,www.mbx.com.vn,2017,VN00MBX0,"HNX listed,mining,Small cap"
MCC,MCC Corporation,Công ty Cổ phần MCC,HNX,Manufacturing,Manufacturing Services,SMALL,1119342729295,60,2024-06-15,139426278,59.9,FALSE,FALSE,FALSE,158148,1.32,13.7,2.1,8.3,243,3429,Hanoi,www.mcc.com.vn,2018,VN00MCC0,"HNX listed,manufacturing,Small cap"
MCD,MCD Corporation,Công ty Cổ phần MCD,HNX,Construction,Construction Services,SMALL,1583882877574,55,2015-04-22,145111435,20.8,FALSE,FALSE,FALSE,93103,1.01,17.4,2.3,12.5,189,1191,Hai Phong,www.mcd.com.vn,1999,VN00MCD0,"HNX listed,construction,Small cap"
MCG,MCG Corporation,Công ty Cổ phần MCG,HNX,Agriculture,Agriculture Services,SMALL,359157635341,48,2018-12-01,147153910,25.0,FALSE,FALSE,TRUE,116395,1.34,14.7,2.2,8.5,289,1568,Thai Nguyen,www.mcg.com.vn,2009,VN00MCG0,"HNX listed,agriculture,Small cap"
MCM,MCM Corporation,Công ty Cổ phần MCM,HNX,Food Processing,Food Processing Services,SMALL,951769201718,57,2019-05-08,48656960,51.9,FALSE,FALSE,FALSE,71940,1.39,18.0,2.4,11.4,311,1265,Bac Ninh,www.mcm.com.vn,2003,VN00MCM0,"HNX listed,food processing,Small cap"
MCN,MCN Corporation,Công ty Cổ phần MCN,HNX,Textiles,Textiles Services,SMALL,927836147864,41,2021-01-14,38558075,74.8,FALSE,FALSE,TRUE,186811,0.76,11.5,1.3,8.8,242,2015,Vinh Phuc,www.mcn.com.vn,2021,VN00MCN0,"HNX listed,textiles,Small cap"
MCP,MCP Corporation,Công ty Cổ phần MCP,HNX,Materials,Materials Services,SMALL,581140256794,52,2011-09-20,95380677,37.7,FALSE,FALSE,FALSE,91000,1.14,14.6,2.5,16.1,266,843,Hai Duong,www.mcp.com.vn,1999,VN00MCP0,"HNX listed,materials,Small cap"
MCS,MCS Corporation,Công ty Cổ phần MCS,HNX,Trading,Trading Services,SMALL,1495727005436,69,2023-05-18,9089352,55.7,FALSE,FALSE,FALSE,161334,0.88,13.8,2.5,12.2,13,1532,Quang Ninh,www.mcs.com.vn,1995,VN00MCS0,"HNX listed,trading,Small cap"
MCT,MCT Corporation,Công ty Cổ phần MCT,HNX,Services,Services Services,SMALL,1333075607325,29,2012-07-26,102053298,21.2,FALSE,FALSE,FALSE,176429,0.95,18.6,2.4,16.9,356,1427,Nam Dinh,www.mct.com.vn,2006,VN00MCT0,"HNX listed,services,Small cap"
MCV,MCV Corporation,Công ty Cổ phần MCV,HNX,Technology,Technology Services,SMALL,1598832096360,38,2019-06-12,89765853,78.0,FALSE,FALSE,FALSE,196464,1.03,10.3,1.6,7.6,85,2080,Thanh Hoa,www.mcv.com.vn,2007,VN00MCV0,"HNX listed,technology,Small cap"
MCX,MCX Corporation,Công ty Cổ phần MCX,HNX,Healthcare,Healthcare Services,SMALL,1918685077805,22,2018-08-05,134196732,65.2,FALSE,FALSE,TRUE,185103,0.84,17.6,2.4,16.7,120,1341,Nghe An,www.mcx.com.vn,2000,VN00MCX0,"HNX listed,healthcare,Small cap"
MDC,MDC Corporation,Công ty Cổ phần MDC,HNX,Energy,Energy Services,SMALL,1315033757778,12,2011-05-16,4933284,40.5,FALSE,FALSE,TRUE,180583,0.95,14.2,1.4,14.9,384,523,Ha Nam,www.mdc.com.vn,1995,VN00MDC0,"HNX listed,energy,Small cap"
MDD,MDD Corporation,Công ty Cổ phần MDD,HNX,Mining,Mining Services,SMALL,472393786909,30,2018-08-28,101309335,40.8,FALSE,FALSE,FALSE,78801,1.21,19.2,1.4,12.7,41,1805,Hung Yen,www.mdd.com.vn,2011,VN00MDD0,"HNX listed,mining,Small cap"
MDG,MDG Corporation,Công ty Cổ phần MDG,HNX,Manufacturing,Manufacturing Services,SMALL,1024369509501,68,2023-04-23,116028781,53.2,FALSE,FALSE,TRUE,93998,1.06,17.7,1.2,17.8,345,2311,Hanoi,www.mdg.com.vn,2004,VN00MDG0,"HNX listed,manufacturing,Small cap"
MDM,MDM Corporation,Công ty Cổ phần MDM,HNX,Construction,Construction Services,SMALL,1822479956854,74,2024-03-06,116520935,47.9,FALSE,FALSE,FALSE,50071,1.08,16.8,1.9,16.8,276,2110,Hai Phong,www.mdm.com.vn,2008,VN00MDM0,"HNX listed,construction,Small cap"
MDN,MDN Corporation,Công ty Cổ phần MDN,HNX,Agriculture,Agriculture Services,SMALL,806981525593,11,2018-08-12,139514040,45.3,FALSE,FALSE,TRUE,182752,0.74,11.3,1.7,10.7,396,3290,Thai Nguyen,www.mdn.com.vn,2011,VN00MDN0,"HNX listed,agriculture,Small cap"
MDP,MDP Corporation,Công ty Cổ phần MDP,HNX,Food Processing,Food Processing Services,SMALL,1162812074900,42,2013-06-22,141187873,28.4,FALSE,FALSE,FALSE,170073,0.96,15.3,1.4,13.8,143,490,Bac Ninh,www.mdp.com.vn,2009,VN00MDP0,"HNX listed,food processing,Small cap"
MDS,MDS Corporation,Công ty Cổ phần MDS,HNX,Textiles,Textiles Services,SMALL,645526592732,51,2013-05-28,123722407,60.5,FALSE,FALSE,FALSE,64713,1.07,17.0,1.3,12.0,332,2310,Vinh Phuc,www.mds.com.vn,2023,VN00MDS0,"HNX listed,textiles,Small cap"
MDT,MDT Corporation,Công ty Cổ phần MDT,HNX,Materials,Materials Services,SMALL,736493240177,41,2019-12-08,106069747,72.1,FALSE,FALSE,TRUE,59345,1.01,15.7,1.3,8.1,212,3610,Hai Duong,www.mdt.com.vn,2002,VN00MDT0,"HNX listed,materials,Small cap"
MDV,MDV Corporation,Công ty Cổ phần MDV,HNX,Trading,Trading Services,SMALL,827332602306,40,2024-07-23,78022193,74.2,FALSE,FALSE,FALSE,90926,1.33,15.0,2.6,9.9,192,1785,Quang Ninh,www.mdv.com.vn,2002,VN00MDV0,"HNX listed,trading,Small cap"
MDX,MDX Corporation,Công ty Cổ phần MDX,HNX,Services,Services Services,SMALL,1449235355416,50,2017-10-07,148618047,52.1,FALSE,FALSE,TRUE,89096,0.87,17.4,1.7,7.6,212,1739,Nam Dinh,www.mdx.com.vn,2003,VN00MDX0,"HNX listed,services,Small cap"
MEC,MEC Corporation,Công ty Cổ phần MEC,HNX,Technology,Technology Services,SMALL,205482311786,10,2024-01-06,44274827,51.0,FALSE,FALSE,FALSE,42891,0.87,19.3,2.4,12.5,316,3347,Thanh Hoa,www.mec.com.vn,1997,VN00MEC0,"HNX listed,technology,Small cap"
MED,MED Corporation,Công ty Cổ phần MED,HNX,Healthcare,Healthcare Services,SMALL,346800025572,57,2024-06-06,67677607,78.5,FALSE,FALSE,TRUE,65374,1.03,12.0,1.8,14.0,311,3207,Nghe An,www.med.com.vn,2021,VN00MED0,"HNX listed,healthcare,Small cap"
MEG,MEG Corporation,Công ty Cổ phần MEG,HNX,Energy,Energy Services,SMALL,901280117707,70,2011-02-09,63324269,49.7,FALSE,FALSE,FALSE,175184,0.73,13.4,2.8,15.6,34,763,Ha Nam,www.meg.com.vn,2017,VN00MEG0,"HNX listed,energy,Small cap"
MEM,MEM Corporation,Công ty Cổ phần MEM,HNX,Mining,Mining Services,SMALL,751216956079,47,2015-03-08,24401260,39.0,FALSE,FALSE,FALSE,4105,1.30,13.4,1.4,10.9,254,1848,Hung Yen,www.mem.com.vn,1997,VN00MEM0,"HNX listed,mining,Small cap"
MEN,MEN Corporation,Công ty Cổ phần MEN,HNX,Manufacturing,Manufacturing Services,SMALL,635126804515,26,2014-02-25,120773009,76.9,FALSE,FALSE,TRUE,92514,0.90,15.7,2.5,13.7,85,2267,Hanoi,www.men.com.vn,2013,VN00MEN0,"HNX listed,manufacturing,Small cap"
MEP,MEP Corporation,Công ty Cổ phần MEP,HNX,Construction,Construction Services,SMALL,878706104857,42,2023-02-10,107570156,28.0,FALSE,FALSE,FALSE,156934,1.11,18.3,1.5,16.8,138,2354,Hai Phong,www.mep.com.vn,2022,VN00MEP0,"HNX listed,construction,Small cap"
MES,MES Corporation,Công ty Cổ phần MES,HNX,Agriculture,Agriculture Services,SMALL,795199181889,68,2018-07-10,17055552,20.2,FALSE,FALSE,FALSE,131283,1.31,13.6,2.5,8.4,224,1955,Thai Nguyen,www.mes.com.vn,2017,VN00MES0,"HNX listed,agriculture,Small cap"
MET,MET Corporation,Công ty Cổ phần MET,HNX,Food Processing,Food Processing Services,SMALL,1615335381005,47,2023-07-18,95055924,27.4,FALSE,FALSE,FALSE,99241,0.97,19.3,2.8,12.1,357,2288,Bac Ninh,www.met.com.vn,2013,VN00MET0,"HNX listed,food processing,Small cap"
MEV,MEV Corporation,Công ty Cổ phần MEV,HNX,Textiles,Textiles Services,SMALL,258535087832,13,2023-04-19,66533699,73.4,FALSE,FALSE,FALSE,48990,0.73,18.6,1.9,17.4,27,1000,Vinh Phuc,www.mev.com.vn,2019,VN00MEV0,"HNX listed,textiles,Small cap"
MEX,MEX Corporation,Công ty Cổ phần MEX,HNX,Materials,Materials Services,SMALL,886079816135,59,2010-06-06,94652312,37.0,FALSE,FALSE,TRUE,119751,0.99,16.7,2.6,16.9,13,3927,Hai Duong,www.mex.com.vn,2001,VN00MEX0,"HNX listed,materials,Small cap"
MFC,MFC Corporation,Công ty Cổ phần MFC,HNX,Trading,Trading Services,SMALL,371367168302,50,2019-11-09,80382932,56.0,FALSE,FALSE,FALSE,197988,0.84,10.1,2.6,13.2,63,3915,Quang Ninh,www.mfc.com.vn,2007,VN00MFC0,"HNX listed,trading,Small cap"
MFD,MFD Corporation,Công ty Cổ phần MFD,HNX,Services,Services Services,SMALL,1087412869499,80,2021-11-03,142894137,64.0,FALSE,FALSE,TRUE,149866,1.07,11.5,2.2,13.5,218,535,Nam Dinh,www.mfd.com.vn,2013,VN00MFD0,"HNX listed,services,Small cap"
MFG,MFG Corporation,Công ty Cổ phần MFG,HNX,Technology,Technology Services,SMALL,1840633149003,10,2022-12-01,125056271,70.6,FALSE,FALSE,FALSE,28463,1.22,12.1,2.6,11.1,299,3679,Thanh Hoa,www.mfg.com.vn,1997,VN00MFG0,"HNX listed,technology,Small cap"
MFM,MFM Corporation,Công ty Cổ phần MFM,HNX,Healthcare,Healthcare Services,SMALL,299176234174,21,2021-01-03,132174860,38.9,FALSE,FALSE,FALSE,142537,0.95,13.6,1.9,15.8,211,2520,Nghe An,www.mfm.com.vn,1998,VN00MFM0,"HNX listed,healthcare,Small cap"
MFN,MFN Corporation,Công ty Cổ phần MFN,HNX,Energy,Energy Services,SMALL,1495035354003,63,2016-10-15,17471230,44.5,FALSE,FALSE,FALSE,117200,0.99,16.4,2.5,13.4,228,41,Ha Nam,www.mfn.com.vn,2005,VN00MFN0,"HNX listed,energy,Small cap"
